sample_id,label,defect_type,category
04-04-23-0001-00,0,good,good_plane_04_04_23
04-04-23-0002-00,0,good,good_plane_04_04_23
08-11-22-0001-00,0,good,good_weld_08_11_22_butt_joint
08-11-22-0002-00,0,good,good_weld_08_11_22_butt_joint
08-11-22-0003-00,0,good,good_weld_08_11_22_butt_joint
08-11-22-0004-00,0,good,good_weld_08_11_22_butt_joint
08-11-22-0005-00,0,good,good_weld_08_11_22_butt_joint
08-11-22-0006-00,0,good,good_weld_08_11_22_butt_joint
08-11-22-0007-00,0,good,good_weld_08_11_22_butt_joint
08-11-22-0008-00,0,good,good_weld_08_11_22_butt_joint
08-11-22-0009-00,0,good,good_weld_08_11_22_butt_joint
08-11-22-0010-00,0,good,good_weld_08_11_22_butt_joint
08-11-22-0011-00,0,good,good_weld_08_11_22_butt_joint
08-11-22-0012-00,0,good,good_weld_08_11_22_butt_joint
08-11-22-0013-00,0,good,good_weld_08_11_22_butt_joint
08-11-22-0014-00,0,good,good_weld_08_11_22_butt_joint
08-11-22-0015-00,0,good,good_weld_08_11_22_butt_joint
08-11-22-0016-00,0,good,good_weld_08_11_22_butt_joint
08-11-22-0017-00,0,good,good_weld_08_11_22_butt_joint
08-11-22-0018-00,0,good,good_weld_08_11_22_butt_joint
08-11-22-0019-00,0,good,good_weld_08_11_22_butt_joint
08-17-22-0001-00,0,good,good_weld_08_17_22_plane_plate
08-17-22-0002-00,0,good,good_weld_08_17_22_plane_plate
08-17-22-0003-00,0,good,good_weld_08_17_22_plane_plate
08-17-22-0004-00,0,good,good_weld_08_17_22_plane_plate
08-17-22-0005-00,0,good,good_weld_08_17_22_plane_plate
08-17-22-0006-00,0,good,good_weld_08_17_22_plane_plate
08-17-22-0007-00,0,good,good_weld_08_17_22_plane_plate
08-17-22-0008-00,0,good,good_weld_08_17_22_plane_plate
08-17-22-0009-00,0,good,good_weld_08_17_22_plane_plate
08-17-22-0010-00,0,good,good_weld_08_17_22_plane_plate
08-17-22-0011-00,0,good,good_weld_08_17_22_plane_plate
08-17-22-0012-00,0,good,good_weld_08_17_22_plane_plate
08-17-22-0013-00,0,good,good_weld_08_17_22_plane_plate
08-17-22-0014-00,0,good,good_weld_08_17_22_plane_plate
08-17-22-0015-00,0,good,good_weld_08_17_22_plane_plate
08-17-22-0016-00,0,good,good_weld_08_17_22_plane_plate
08-17-22-0017-00,0,good,good_weld_08_17_22_plane_plate
08-17-22-0018-00,0,good,good_weld_08_17_22_plane_plate
08-17-22-0019-00,0,good,good_weld_08_17_22_plane_plate
08-18-22-0020-00,0,good,good_weld_08_17_22_plane_plate
09-30-22-0061-00,0,good,good_weld_10_09-29-22_butt
09-30-22-0062-00,0,good,good_weld_10_09-29-22_butt
09-30-22-0063-00,0,good,good_weld_10_09-29-22_butt
09-30-22-0064-00,0,good,good_weld_10_09-29-22_butt
09-30-22-0065-00,0,good,good_weld_10_09-29-22_butt
09-30-22-0066-00,0,good,good_weld_10_09-29-22_butt
09-30-22-0067-00,0,good,good_weld_10_09-29-22_butt
09-30-22-0068-00,0,good,good_weld_10_09-29-22_butt
09-30-22-0069-00,0,good,good_weld_10_09-29-22_butt
09-30-22-0072-00,0,good,good_weld_10_09-29-22_butt
09-30-22-0074-00,0,good,good_weld_10_09-29-22_butt
09-30-22-0075-00,0,good,good_weld_10_09-29-22_butt
09-30-22-0076-00,0,good,good_weld_10_09-29-22_butt
09-30-22-0077-00,0,good,good_weld_10_09-29-22_butt
09-30-22-0078-00,0,good,good_weld_10_09-29-22_butt
09-30-22-0079-00,0,good,good_weld_10_09-29-22_butt
09-30-22-0080-00,0,good,good_weld_10_09-29-22_butt
10-20-22-0081-00,0,good,good_weld_11_10-20-22_Plane_Plate
10-20-22-0082-00,0,good,good_weld_11_10-20-22_Plane_Plate
10-20-22-0083-00,0,good,good_weld_11_10-20-22_Plane_Plate
10-20-22-0084-00,0,good,good_weld_11_10-20-22_Plane_Plate
10-20-22-0085-00,0,good,good_weld_11_10-20-22_Plane_Plate
10-20-22-0086-00,0,good,good_weld_11_10-20-22_Plane_Plate
10-20-22-0087-00,0,good,good_weld_11_10-20-22_Plane_Plate
10-20-22-0088-00,0,good,good_weld_11_10-20-22_Plane_Plate
10-20-22-0089-00,0,good,good_weld_11_10-20-22_Plane_Plate
10-20-22-0090-00,0,good,good_weld_11_10-20-22_Plane_Plate
10-20-22-0091-00,0,good,good_weld_11_10-20-22_Plane_Plate
10-20-22-0092-00,0,good,good_weld_11_10-20-22_Plane_Plate
10-20-22-0093-00,0,good,good_weld_11_10-20-22_Plane_Plate
10-20-22-0094-00,0,good,good_weld_11_10-20-22_Plane_Plate
10-20-22-0095-00,0,good,good_weld_11_10-20-22_Plane_Plate
10-20-22-0096-00,0,good,good_weld_11_10-20-22_Plane_Plate
10-20-22-0097-00,0,good,good_weld_11_10-20-22_Plane_Plate
10-20-22-0098-00,0,good,good_weld_11_10-20-22_Plane_Plate
10-20-22-0099-00,0,good,good_weld_11_10-20-22_Plane_Plate
10-20-22-0100-00,0,good,good_weld_11_10-20-22_Plane_Plate
10-20-22-0101-00,0,good,good_weld_12_10-20-22_Plane_Plate
10-20-22-0102-00,0,good,good_weld_12_10-20-22_Plane_Plate
10-20-22-0103-00,0,good,good_weld_12_10-20-22_Plane_Plate
10-20-22-0104-00,0,good,good_weld_12_10-20-22_Plane_Plate
10-20-22-0105-00,0,good,good_weld_12_10-20-22_Plane_Plate
10-20-22-0106-00,0,good,good_weld_12_10-20-22_Plane_Plate
10-20-22-0107-00,0,good,good_weld_12_10-20-22_Plane_Plate
10-20-22-0108-00,0,good,good_weld_12_10-20-22_Plane_Plate
10-20-22-0109-00,0,good,good_weld_12_10-20-22_Plane_Plate
10-20-22-0110-00,0,good,good_weld_12_10-20-22_Plane_Plate
10-20-22-0111-00,0,good,good_weld_12_10-20-22_Plane_Plate
10-20-22-0112-00,0,good,good_weld_12_10-20-22_Plane_Plate
10-20-22-0113-00,0,good,good_weld_12_10-20-22_Plane_Plate
10-20-22-0114-00,0,good,good_weld_12_10-20-22_Plane_Plate
10-20-22-0115-00,0,good,good_weld_12_10-20-22_Plane_Plate
10-20-22-0116-00,0,good,good_weld_12_10-20-22_Plane_Plate
10-20-22-0117-00,0,good,good_weld_12_10-20-22_Plane_Plate
10-20-22-0118-00,0,good,good_weld_12_10-20-22_Plane_Plate
10-20-22-0119-00,0,good,good_weld_12_10-20-22_Plane_Plate
10-20-22-0120-00,0,good,good_weld_12_10-20-22_Plane_Plate
10-20-22-0121-00,0,good,good_weld_13_10-20-22_Plane_Plate
10-20-22-0122-00,0,good,good_weld_13_10-20-22_Plane_Plate
10-20-22-0123-00,0,good,good_weld_13_10-20-22_Plane_Plate
10-20-22-0124-00,0,good,good_weld_13_10-20-22_Plane_Plate
10-20-22-0125-00,0,good,good_weld_13_10-20-22_Plane_Plate
10-20-22-0126-00,0,good,good_weld_13_10-20-22_Plane_Plate
10-20-22-0127-00,0,good,good_weld_13_10-20-22_Plane_Plate
10-20-22-0128-00,0,good,good_weld_13_10-20-22_Plane_Plate
10-20-22-0129-00,0,good,good_weld_13_10-20-22_Plane_Plate
10-20-22-0130-00,0,good,good_weld_13_10-20-22_Plane_Plate
10-20-22-0131-00,0,good,good_weld_13_10-20-22_Plane_Plate
10-20-22-0132-00,0,good,good_weld_13_10-20-22_Plane_Plate
10-20-22-0133-00,0,good,good_weld_13_10-20-22_Plane_Plate
10-20-22-0134-00,0,good,good_weld_13_10-20-22_Plane_Plate
10-20-22-0135-00,0,good,good_weld_13_10-20-22_Plane_Plate
10-20-22-0136-00,0,good,good_weld_13_10-20-22_Plane_Plate
10-20-22-0137-00,0,good,good_weld_13_10-20-22_Plane_Plate
10-20-22-0138-00,0,good,good_weld_13_10-20-22_Plane_Plate
10-20-22-0139-00,0,good,good_weld_13_10-20-22_Plane_Plate
10-20-22-0140-00,0,good,good_weld_13_10-20-22_Plane_Plate
10-21-22-0141-00,0,good,good_weld_14_10-21-22_Plane_Plate
10-21-22-0142-00,0,good,good_weld_14_10-21-22_Plane_Plate
10-21-22-0143-00,0,good,good_weld_14_10-21-22_Plane_Plate
10-21-22-0144-00,0,good,good_weld_14_10-21-22_Plane_Plate
10-21-22-0145-00,0,good,good_weld_14_10-21-22_Plane_Plate
10-21-22-0146-00,0,good,good_weld_14_10-21-22_Plane_Plate
10-21-22-0147-00,0,good,good_weld_14_10-21-22_Plane_Plate
10-21-22-0148-00,0,good,good_weld_14_10-21-22_Plane_Plate
10-21-22-0149-00,0,good,good_weld_14_10-21-22_Plane_Plate
10-21-22-0150-00,0,good,good_weld_14_10-21-22_Plane_Plate
10-21-22-0151-00,0,good,good_weld_14_10-21-22_Plane_Plate
10-21-22-0152-00,0,good,good_weld_14_10-21-22_Plane_Plate
10-21-22-0153-00,0,good,good_weld_14_10-21-22_Plane_Plate
10-21-22-0154-00,0,good,good_weld_14_10-21-22_Plane_Plate
10-21-22-0155-00,0,good,good_weld_14_10-21-22_Plane_Plate
10-21-22-0156-00,0,good,good_weld_14_10-21-22_Plane_Plate
10-21-22-0157-00,0,good,good_weld_14_10-21-22_Plane_Plate
10-21-22-0158-00,0,good,good_weld_14_10-21-22_Plane_Plate
10-21-22-0159-00,0,good,good_weld_14_10-21-22_Plane_Plate
10-21-22-0160-00,0,good,good_weld_14_10-21-22_Plane_Plate
10-21-22-0161-00,0,good,good_weld_15_10-21-22_Plane_Plate
10-21-22-0162-00,0,good,good_weld_15_10-21-22_Plane_Plate
10-21-22-0163-00,0,good,good_weld_15_10-21-22_Plane_Plate
10-21-22-0164-00,0,good,good_weld_15_10-21-22_Plane_Plate
10-21-22-0165-00,0,good,good_weld_15_10-21-22_Plane_Plate
10-21-22-0166-00,0,good,good_weld_15_10-21-22_Plane_Plate
10-21-22-0167-00,0,good,good_weld_15_10-21-22_Plane_Plate
10-21-22-0168-00,0,good,good_weld_15_10-21-22_Plane_Plate
10-21-22-0169-00,0,good,good_weld_15_10-21-22_Plane_Plate
10-21-22-0170-00,0,good,good_weld_15_10-21-22_Plane_Plate
10-21-22-0171-00,0,good,good_weld_15_10-21-22_Plane_Plate
10-21-22-0172-00,0,good,good_weld_15_10-21-22_Plane_Plate
10-21-22-0173-00,0,good,good_weld_15_10-21-22_Plane_Plate
10-21-22-0174-00,0,good,good_weld_15_10-21-22_Plane_Plate
10-21-22-0175-00,0,good,good_weld_15_10-21-22_Plane_Plate
10-21-22-0176-00,0,good,good_weld_15_10-21-22_Plane_Plate
10-21-22-0177-00,0,good,good_weld_15_10-21-22_Plane_Plate
10-21-22-0178-00,0,good,good_weld_15_10-21-22_Plane_Plate
10-21-22-0179-00,0,good,good_weld_15_10-21-22_Plane_Plate
10-21-22-0180-00,0,good,good_weld_15_10-21-22_Plane_Plate
11-18-22-0183-00,0,good,good_weld_16_11-18-22_plane_plate
11-18-22-0184-00,0,good,good_weld_16_11-18-22_plane_plate
11-18-22-0189-00,0,good,good_weld_16_11-18-22_plane_plate
11-18-22-0190-00,0,good,good_weld_16_11-18-22_plane_plate
11-18-22-0192-00,0,good,good_weld_16_11-18-22_plane_plate
11-18-22-0195-00,0,good,good_weld_16_11-18-22_plane_plate
11-18-22-0196-00,0,good,good_weld_16_11-18-22_plane_plate
11-18-22-0197-00,0,good,good_weld_16_11-18-22_plane_plate
11-18-22-0199-00,0,good,good_weld_16_11-18-22_plane_plate
11-18-22-0200-00,0,good,good_weld_16_11-18-22_plane_plate
11-18-22-0201-00,0,good,good_weld_17_11-18-22_plane_plate
11-18-22-0202-00,0,good,good_weld_17_11-18-22_plane_plate
11-18-22-0203-00,0,good,good_weld_17_11-18-22_plane_plate
11-18-22-0204-00,0,good,good_weld_17_11-18-22_plane_plate
11-18-22-0205-00,0,good,good_weld_17_11-18-22_plane_plate
11-18-22-0206-00,0,good,good_weld_17_11-18-22_plane_plate
11-18-22-0207-00,0,good,good_weld_17_11-18-22_plane_plate
11-18-22-0209-00,0,good,good_weld_17_11-18-22_plane_plate
11-18-22-0210-00,0,good,good_weld_17_11-18-22_plane_plate
11-18-22-0211-00,0,good,good_weld_17_11-18-22_plane_plate
11-18-22-0212-00,0,good,good_weld_17_11-18-22_plane_plate
11-18-22-0213-00,0,good,good_weld_17_11-18-22_plane_plate
11-18-22-0214-00,0,good,good_weld_17_11-18-22_plane_plate
11-18-22-0218-00,0,good,good_weld_17_11-18-22_plane_plate
11-18-22-0219-00,0,good,good_weld_17_11-18-22_plane_plate
11-18-22-0220-00,0,good,good_weld_17_11-18-22_plane_plate
11-18-22-0221-00,0,good,good_weld_18_11-18-22_plane_plate
11-18-22-0223-00,0,good,good_weld_18_11-18-22_plane_plate
11-18-22-0224-00,0,good,good_weld_18_11-18-22_plane_plate
11-20-22-0227-00,0,good,good_weld_18_11-18-22_plane_plate
11-20-22-0228-00,0,good,good_weld_18_11-18-22_plane_plate
11-20-22-0229-00,0,good,good_weld_18_11-18-22_plane_plate
11-20-22-0230-00,0,good,good_weld_18_11-18-22_plane_plate
11-20-22-0231-00,0,good,good_weld_18_11-18-22_plane_plate
11-20-22-0232-00,0,good,good_weld_18_11-18-22_plane_plate
11-20-22-0233-00,0,good,good_weld_18_11-18-22_plane_plate
11-20-22-0234-00,0,good,good_weld_18_11-18-22_plane_plate
11-20-22-0235-00,0,good,good_weld_18_11-18-22_plane_plate
11-20-22-0236-00,0,good,good_weld_18_11-18-22_plane_plate
11-20-22-0237-00,0,good,good_weld_18_11-18-22_plane_plate
11-20-22-0238-00,0,good,good_weld_18_11-18-22_plane_plate
11-20-22-0239-00,0,good,good_weld_18_11-18-22_plane_plate
11-20-22-0240-00,0,good,good_weld_18_11-18-22_plane_plate
11-20-22-0241-00,0,good,good_weld_19_11-20-22_plane_plate
11-20-22-0242-00,0,good,good_weld_19_11-20-22_plane_plate
11-20-22-0243-00,0,good,good_weld_19_11-20-22_plane_plate
11-20-22-0244-00,0,good,good_weld_19_11-20-22_plane_plate
11-20-22-0245-00,0,good,good_weld_19_11-20-22_plane_plate
11-20-22-0246-00,0,good,good_weld_19_11-20-22_plane_plate
11-20-22-0247-00,0,good,good_weld_19_11-20-22_plane_plate
11-20-22-0248-00,0,good,good_weld_19_11-20-22_plane_plate
11-20-22-0249-00,0,good,good_weld_19_11-20-22_plane_plate
11-20-22-0250-00,0,good,good_weld_19_11-20-22_plane_plate
11-20-22-0251-00,0,good,good_weld_19_11-20-22_plane_plate
11-20-22-0252-00,0,good,good_weld_19_11-20-22_plane_plate
11-20-22-0253-00,0,good,good_weld_19_11-20-22_plane_plate
11-20-22-0254-00,0,good,good_weld_19_11-20-22_plane_plate
11-20-22-0255-00,0,good,good_weld_19_11-20-22_plane_plate
11-20-22-0256-00,0,good,good_weld_19_11-20-22_plane_plate
11-20-22-0257-00,0,good,good_weld_19_11-20-22_plane_plate
11-20-22-0258-00,0,good,good_weld_19_11-20-22_plane_plate
11-20-22-0259-00,0,good,good_weld_19_11-20-22_plane_plate
11-20-22-0260-00,0,good,good_weld_19_11-20-22_plane_plate
02-09-23-0006-00,0,good,good_weld_1_02-09-23_Fe410
02-09-23-0007-00,0,good,good_weld_1_02-09-23_Fe410
02-09-23-0008-00,0,good,good_weld_1_02-09-23_Fe410
02-09-23-0009-00,0,good,good_weld_1_02-09-23_Fe410
02-09-23-0010-00,0,good,good_weld_1_02-09-23_Fe410
02-09-23-0011-00,0,good,good_weld_1_02-09-23_Fe410
02-09-23-0012-00,0,good,good_weld_1_02-09-23_Fe410
03-19-23-0001-00,0,good,good_weld_1_03-19-23_BSK46
03-19-23-0002-00,0,good,good_weld_1_03-19-23_BSK46
03-19-23-0003-00,0,good,good_weld_1_03-19-23_BSK46
03-20-23-0005-00,0,good,good_weld_1_03-19-23_BSK46
03-20-23-0006-00,0,good,good_weld_1_03-19-23_BSK46
03-20-23-0007-00,0,good,good_weld_1_03-19-23_BSK46
03-20-23-0008-00,0,good,good_weld_1_03-19-23_BSK46
03-20-23-0009-00,0,good,good_weld_1_03-19-23_BSK46
03-20-23-0010-00,0,good,good_weld_1_03-19-23_BSK46
03-20-23-0012-00,0,good,good_weld_1_03-19-23_BSK46
03-20-23-0013-00,0,good,good_weld_1_03-19-23_BSK46
03-20-23-0014-00,0,good,good_weld_1_03-19-23_BSK46
03-20-23-0015-00,0,good,good_weld_1_03-19-23_BSK46
03-20-23-0016-00,0,good,good_weld_1_03-19-23_BSK46
03-20-23-0018-00,0,good,good_weld_1_03-19-23_BSK46
03-20-23-0019-00,0,good,good_weld_1_03-19-23_BSK46
03-20-23-0020-00,0,good,good_weld_1_03-19-23_BSK46
11-20-22-0261-00,0,good,good_weld_20_11-20-22_plane_plate
11-20-22-0262-00,0,good,good_weld_20_11-20-22_plane_plate
11-20-22-0263-00,0,good,good_weld_20_11-20-22_plane_plate
11-20-22-0264-00,0,good,good_weld_20_11-20-22_plane_plate
11-20-22-0265-00,0,good,good_weld_20_11-20-22_plane_plate
11-20-22-0266-00,0,good,good_weld_20_11-20-22_plane_plate
11-20-22-0267-00,0,good,good_weld_20_11-20-22_plane_plate
11-20-22-0268-00,0,good,good_weld_20_11-20-22_plane_plate
11-20-22-0269-00,0,good,good_weld_20_11-20-22_plane_plate
11-20-22-0270-00,0,good,good_weld_20_11-20-22_plane_plate
11-20-22-0271-00,0,good,good_weld_20_11-20-22_plane_plate
11-20-22-0272-00,0,good,good_weld_20_11-20-22_plane_plate
11-20-22-0273-00,0,good,good_weld_20_11-20-22_plane_plate
11-20-22-0274-00,0,good,good_weld_20_11-20-22_plane_plate
11-20-22-0275-00,0,good,good_weld_20_11-20-22_plane_plate
11-20-22-0276-00,0,good,good_weld_20_11-20-22_plane_plate
11-20-22-0277-00,0,good,good_weld_20_11-20-22_plane_plate
11-20-22-0278-00,0,good,good_weld_20_11-20-22_plane_plate
11-20-22-0279-00,0,good,good_weld_20_11-20-22_plane_plate
11-20-22-0280-00,0,good,good_weld_20_11-20-22_plane_plate
12-13-22-0281-00,0,good,good_weld_21_12-13-22_butt
12-13-22-0282-00,0,good,good_weld_21_12-13-22_butt
12-13-22-0283-00,0,good,good_weld_21_12-13-22_butt
12-13-22-0284-00,0,good,good_weld_21_12-13-22_butt
12-13-22-0285-00,0,good,good_weld_21_12-13-22_butt
12-13-22-0286-00,0,good,good_weld_21_12-13-22_butt
12-13-22-0287-00,0,good,good_weld_21_12-13-22_butt
12-13-22-0288-00,0,good,good_weld_21_12-13-22_butt
12-13-22-0289-00,0,good,good_weld_21_12-13-22_butt
12-13-22-0290-00,0,good,good_weld_21_12-13-22_butt
12-13-22-0291-00,0,good,good_weld_21_12-13-22_butt
12-13-22-0292-00,0,good,good_weld_21_12-13-22_butt
12-13-22-0293-00,0,good,good_weld_21_12-13-22_butt
12-13-22-0294-00,0,good,good_weld_21_12-13-22_butt
12-13-22-0295-00,0,good,good_weld_21_12-13-22_butt
12-13-22-0296-00,0,good,good_weld_21_12-13-22_butt
12-13-22-0297-00,0,good,good_weld_21_12-13-22_butt
12-13-22-0298-00,0,good,good_weld_21_12-13-22_butt
12-13-22-0299-00,0,good,good_weld_21_12-13-22_butt
12-13-22-0300-00,0,good,good_weld_21_12-13-22_butt
12-13-22-0301-00,0,good,good_weld_22_12-13-22_butt
12-13-22-0302-00,0,good,good_weld_22_12-13-22_butt
12-13-22-0303-00,0,good,good_weld_22_12-13-22_butt
12-13-22-0304-00,0,good,good_weld_22_12-13-22_butt
12-13-22-0305-00,0,good,good_weld_22_12-13-22_butt
12-13-22-0306-00,0,good,good_weld_22_12-13-22_butt
12-13-22-0307-00,0,good,good_weld_22_12-13-22_butt
12-13-22-0308-00,0,good,good_weld_22_12-13-22_butt
12-13-22-0309-00,0,good,good_weld_22_12-13-22_butt
12-13-22-0310-00,0,good,good_weld_22_12-13-22_butt
12-13-22-0311-00,0,good,good_weld_22_12-13-22_butt
12-13-22-0314-00,0,good,good_weld_22_12-13-22_butt
12-13-22-0315-00,0,good,good_weld_22_12-13-22_butt
12-13-22-0316-00,0,good,good_weld_22_12-13-22_butt
12-13-22-0317-00,0,good,good_weld_22_12-13-22_butt
12-13-22-0318-00,0,good,good_weld_22_12-13-22_butt
12-13-22-0319-00,0,good,good_weld_22_12-13-22_butt
12-13-22-0320-00,0,good,good_weld_22_12-13-22_butt
12-13-22-0321-00,0,good,good_weld_23_12-13-22_butt
12-13-22-0322-00,0,good,good_weld_23_12-13-22_butt
12-13-22-0323-00,0,good,good_weld_23_12-13-22_butt
12-13-22-0324-00,0,good,good_weld_23_12-13-22_butt
12-13-22-0325-00,0,good,good_weld_23_12-13-22_butt
12-13-22-0326-00,0,good,good_weld_23_12-13-22_butt
12-13-22-0327-00,0,good,good_weld_23_12-13-22_butt
12-13-22-0328-00,0,good,good_weld_23_12-13-22_butt
12-13-22-0329-00,0,good,good_weld_23_12-13-22_butt
12-13-22-0330-00,0,good,good_weld_23_12-13-22_butt
12-13-22-0331-00,0,good,good_weld_23_12-13-22_butt
12-13-22-0332-00,0,good,good_weld_23_12-13-22_butt
12-13-22-0333-00,0,good,good_weld_23_12-13-22_butt
12-13-22-0334-00,0,good,good_weld_23_12-13-22_butt
12-13-22-0335-00,0,good,good_weld_23_12-13-22_butt
12-13-22-0336-00,0,good,good_weld_23_12-13-22_butt
12-13-22-0337-00,0,good,good_weld_23_12-13-22_butt
12-13-22-0338-00,0,good,good_weld_23_12-13-22_butt
12-13-22-0339-00,0,good,good_weld_23_12-13-22_butt
12-13-22-0340-00,0,good,good_weld_23_12-13-22_butt
12-13-22-0341-00,0,good,good_weld_24_12-13-22_butt
12-13-22-0342-00,0,good,good_weld_24_12-13-22_butt
12-13-22-0343-00,0,good,good_weld_24_12-13-22_butt
12-13-22-0344-00,0,good,good_weld_24_12-13-22_butt
12-13-22-0345-00,0,good,good_weld_24_12-13-22_butt
12-13-22-0346-00,0,good,good_weld_24_12-13-22_butt
12-13-22-0347-00,0,good,good_weld_24_12-13-22_butt
12-13-22-0348-00,0,good,good_weld_24_12-13-22_butt
12-13-22-0349-00,0,good,good_weld_24_12-13-22_butt
12-13-22-0350-00,0,good,good_weld_24_12-13-22_butt
12-13-22-0351-00,0,good,good_weld_24_12-13-22_butt
12-13-22-0352-00,0,good,good_weld_24_12-13-22_butt
12-13-22-0353-00,0,good,good_weld_24_12-13-22_butt
12-13-22-0354-00,0,good,good_weld_24_12-13-22_butt
12-13-22-0355-00,0,good,good_weld_24_12-13-22_butt
12-13-22-0356-00,0,good,good_weld_24_12-13-22_butt
12-13-22-0357-00,0,good,good_weld_24_12-13-22_butt
12-13-22-0358-00,0,good,good_weld_24_12-13-22_butt
12-13-22-0359-00,0,good,good_weld_24_12-13-22_butt
12-13-22-0360-00,0,good,good_weld_24_12-13-22_butt
12-13-22-0361-00,0,good,good_weld_25_12-13-22_butt
12-13-22-0362-00,0,good,good_weld_25_12-13-22_butt
12-13-22-0363-00,0,good,good_weld_25_12-13-22_butt
12-13-22-0364-00,0,good,good_weld_25_12-13-22_butt
12-13-22-0365-00,0,good,good_weld_25_12-13-22_butt
12-13-22-0366-00,0,good,good_weld_25_12-13-22_butt
12-13-22-0367-00,0,good,good_weld_25_12-13-22_butt
12-13-22-0368-00,0,good,good_weld_25_12-13-22_butt
12-13-22-0369-00,0,good,good_weld_25_12-13-22_butt
12-13-22-0370-00,0,good,good_weld_25_12-13-22_butt
12-13-22-0371-00,0,good,good_weld_25_12-13-22_butt
12-13-22-0372-00,0,good,good_weld_25_12-13-22_butt
12-13-22-0373-00,0,good,good_weld_25_12-13-22_butt
12-13-22-0374-00,0,good,good_weld_25_12-13-22_butt
12-13-22-0375-00,0,good,good_weld_25_12-13-22_butt
12-13-22-0376-00,0,good,good_weld_25_12-13-22_butt
12-13-22-0377-00,0,good,good_weld_25_12-13-22_butt
12-13-22-0378-00,0,good,good_weld_25_12-13-22_butt
12-13-22-0379-00,0,good,good_weld_25_12-13-22_butt
12-13-22-0380-00,0,good,good_weld_25_12-13-22_butt
12-13-22-0381-00,0,good,good_weld_26_12-13-22_butt
12-13-22-0382-00,0,good,good_weld_26_12-13-22_butt
12-13-22-0383-00,0,good,good_weld_26_12-13-22_butt
12-13-22-0384-00,0,good,good_weld_26_12-13-22_butt
12-13-22-0385-00,0,good,good_weld_26_12-13-22_butt
12-13-22-0386-00,0,good,good_weld_26_12-13-22_butt
12-13-22-0387-00,0,good,good_weld_26_12-13-22_butt
12-13-22-0388-00,0,good,good_weld_26_12-13-22_butt
12-13-22-0389-00,0,good,good_weld_26_12-13-22_butt
12-13-22-0390-00,0,good,good_weld_26_12-13-22_butt
12-13-22-0391-00,0,good,good_weld_26_12-13-22_butt
12-13-22-0392-00,0,good,good_weld_26_12-13-22_butt
12-13-22-0393-00,0,good,good_weld_26_12-13-22_butt
12-13-22-0394-00,0,good,good_weld_26_12-13-22_butt
12-13-22-0395-00,0,good,good_weld_26_12-13-22_butt
12-13-22-0396-00,0,good,good_weld_26_12-13-22_butt
12-13-22-0397-00,0,good,good_weld_26_12-13-22_butt
12-13-22-0398-00,0,good,good_weld_26_12-13-22_butt
12-13-22-0399-00,0,good,good_weld_26_12-13-22_butt
12-13-22-0400-00,0,good,good_weld_26_12-13-22_butt
12-13-22-0401-00,0,good,good_weld_27_12-13-22_butt
12-13-22-0402-00,0,good,good_weld_27_12-13-22_butt
12-13-22-0403-00,0,good,good_weld_27_12-13-22_butt
12-13-22-0404-00,0,good,good_weld_27_12-13-22_butt
12-13-22-0405-00,0,good,good_weld_27_12-13-22_butt
12-13-22-0406-00,0,good,good_weld_27_12-13-22_butt
12-13-22-0407-00,0,good,good_weld_27_12-13-22_butt
12-13-22-0408-00,0,good,good_weld_27_12-13-22_butt
12-13-22-0409-00,0,good,good_weld_27_12-13-22_butt
12-13-22-0410-00,0,good,good_weld_27_12-13-22_butt
12-13-22-0411-00,0,good,good_weld_27_12-13-22_butt
12-13-22-0412-00,0,good,good_weld_27_12-13-22_butt
12-13-22-0413-00,0,good,good_weld_27_12-13-22_butt
12-13-22-0414-00,0,good,good_weld_27_12-13-22_butt
12-13-22-0415-00,0,good,good_weld_27_12-13-22_butt
12-13-22-0416-00,0,good,good_weld_27_12-13-22_butt
12-13-22-0417-00,0,good,good_weld_27_12-13-22_butt
12-13-22-0418-00,0,good,good_weld_27_12-13-22_butt
12-13-22-0419-00,0,good,good_weld_27_12-13-22_butt
12-13-22-0420-00,0,good,good_weld_27_12-13-22_butt
12-13-22-0421-00,0,good,good_weld_28_12-13-22_butt
12-13-22-0422-00,0,good,good_weld_28_12-13-22_butt
12-13-22-0423-00,0,good,good_weld_28_12-13-22_butt
12-13-22-0424-00,0,good,good_weld_28_12-13-22_butt
12-13-22-0425-00,0,good,good_weld_28_12-13-22_butt
12-13-22-0426-00,0,good,good_weld_28_12-13-22_butt
12-13-22-0427-00,0,good,good_weld_28_12-13-22_butt
12-13-22-0428-00,0,good,good_weld_28_12-13-22_butt
12-13-22-0429-00,0,good,good_weld_28_12-13-22_butt
12-13-22-0430-00,0,good,good_weld_28_12-13-22_butt
12-13-22-0431-00,0,good,good_weld_28_12-13-22_butt
12-13-22-0432-00,0,good,good_weld_28_12-13-22_butt
12-13-22-0433-00,0,good,good_weld_28_12-13-22_butt
12-13-22-0434-00,0,good,good_weld_28_12-13-22_butt
12-13-22-0435-00,0,good,good_weld_28_12-13-22_butt
12-13-22-0436-00,0,good,good_weld_28_12-13-22_butt
12-13-22-0437-00,0,good,good_weld_28_12-13-22_butt
12-13-22-0438-00,0,good,good_weld_28_12-13-22_butt
12-13-22-0439-00,0,good,good_weld_28_12-13-22_butt
12-13-22-0440-00,0,good,good_weld_28_12-13-22_butt
12-13-22-0441-00,0,good,good_weld_29_12-13-22_butt
12-13-22-0442-00,0,good,good_weld_29_12-13-22_butt
12-13-22-0443-00,0,good,good_weld_29_12-13-22_butt
12-13-22-0444-00,0,good,good_weld_29_12-13-22_butt
12-13-22-0445-00,0,good,good_weld_29_12-13-22_butt
12-13-22-0446-00,0,good,good_weld_29_12-13-22_butt
12-13-22-0447-00,0,good,good_weld_29_12-13-22_butt
12-13-22-0448-00,0,good,good_weld_29_12-13-22_butt
12-13-22-0449-00,0,good,good_weld_29_12-13-22_butt
12-13-22-0450-00,0,good,good_weld_29_12-13-22_butt
12-13-22-0451-00,0,good,good_weld_29_12-13-22_butt
12-13-22-0452-00,0,good,good_weld_29_12-13-22_butt
12-13-22-0453-00,0,good,good_weld_29_12-13-22_butt
12-13-22-0454-00,0,good,good_weld_29_12-13-22_butt
12-13-22-0455-00,0,good,good_weld_29_12-13-22_butt
12-13-22-0456-00,0,good,good_weld_29_12-13-22_butt
12-13-22-0457-00,0,good,good_weld_29_12-13-22_butt
12-13-22-0458-00,0,good,good_weld_29_12-13-22_butt
12-13-22-0459-00,0,good,good_weld_29_12-13-22_butt
12-13-22-0460-00,0,good,good_weld_29_12-13-22_butt
02-09-23-0035-00,0,good,good_weld_2_02-09-23_Fe410
12-21-22-0461-00,0,good,good_weld_30_12-21-22_plane_plate_BSK46
12-21-22-0462-00,0,good,good_weld_30_12-21-22_plane_plate_BSK46
12-21-22-0463-00,0,good,good_weld_30_12-21-22_plane_plate_BSK46
12-21-22-0464-00,0,good,good_weld_30_12-21-22_plane_plate_BSK46
12-21-22-0466-00,0,good,good_weld_30_12-21-22_plane_plate_BSK46
12-21-22-0469-00,0,good,good_weld_30_12-21-22_plane_plate_BSK46
12-21-22-0470-00,0,good,good_weld_30_12-21-22_plane_plate_BSK46
12-21-22-0471-00,0,good,good_weld_30_12-21-22_plane_plate_BSK46
12-21-22-0472-00,0,good,good_weld_30_12-21-22_plane_plate_BSK46
12-21-22-0473-00,0,good,good_weld_30_12-21-22_plane_plate_BSK46
12-21-22-0474-00,0,good,good_weld_30_12-21-22_plane_plate_BSK46
12-21-22-0475-00,0,good,good_weld_30_12-21-22_plane_plate_BSK46
12-21-22-0476-00,0,good,good_weld_30_12-21-22_plane_plate_BSK46
12-21-22-0477-00,0,good,good_weld_30_12-21-22_plane_plate_BSK46
12-21-22-0478-00,0,good,good_weld_30_12-21-22_plane_plate_BSK46
12-21-22-0479-00,0,good,good_weld_30_12-21-22_plane_plate_BSK46
12-21-22-0480-00,0,good,good_weld_30_12-21-22_plane_plate_BSK46
12-22-22-0481-00,0,good,good_weld_31_12-22-22_plane_plate_BSK46
12-22-22-0482-00,0,good,good_weld_31_12-22-22_plane_plate_BSK46
12-22-22-0483-00,0,good,good_weld_31_12-22-22_plane_plate_BSK46
12-22-22-0484-00,0,good,good_weld_31_12-22-22_plane_plate_BSK46
12-22-22-0485-00,0,good,good_weld_31_12-22-22_plane_plate_BSK46
12-22-22-0486-00,0,good,good_weld_31_12-22-22_plane_plate_BSK46
12-22-22-0487-00,0,good,good_weld_31_12-22-22_plane_plate_BSK46
12-22-22-0488-00,0,good,good_weld_31_12-22-22_plane_plate_BSK46
12-22-22-0489-00,0,good,good_weld_31_12-22-22_plane_plate_BSK46
12-22-22-0490-00,0,good,good_weld_31_12-22-22_plane_plate_BSK46
12-22-22-0491-00,0,good,good_weld_31_12-22-22_plane_plate_BSK46
12-22-22-0492-00,0,good,good_weld_31_12-22-22_plane_plate_BSK46
12-22-22-0493-00,0,good,good_weld_31_12-22-22_plane_plate_BSK46
12-22-22-0494-00,0,good,good_weld_31_12-22-22_plane_plate_BSK46
12-22-22-0495-00,0,good,good_weld_31_12-22-22_plane_plate_BSK46
12-22-22-0496-00,0,good,good_weld_31_12-22-22_plane_plate_BSK46
12-22-22-0497-00,0,good,good_weld_31_12-22-22_plane_plate_BSK46
12-22-22-0498-00,0,good,good_weld_31_12-22-22_plane_plate_BSK46
12-22-22-0499-00,0,good,good_weld_31_12-22-22_plane_plate_BSK46
12-22-22-0500-00,0,good,good_weld_31_12-22-22_plane_plate_BSK46
12-24-22-0501-00,0,good,good_weld_32_12-24-22_butt_BSK46
12-24-22-0502-00,0,good,good_weld_32_12-24-22_butt_BSK46
12-24-22-0503-00,0,good,good_weld_32_12-24-22_butt_BSK46
12-24-22-0504-00,0,good,good_weld_32_12-24-22_butt_BSK46
12-24-22-0505-00,0,good,good_weld_32_12-24-22_butt_BSK46
12-24-22-0506-00,0,good,good_weld_32_12-24-22_butt_BSK46
12-24-22-0507-00,0,good,good_weld_32_12-24-22_butt_BSK46
12-24-22-0508-00,0,good,good_weld_32_12-24-22_butt_BSK46
12-24-22-0509-00,0,good,good_weld_32_12-24-22_butt_BSK46
12-24-22-0510-00,0,good,good_weld_32_12-24-22_butt_BSK46
12-24-22-0511-00,0,good,good_weld_32_12-24-22_butt_BSK46
12-24-22-0512-00,0,good,good_weld_32_12-24-22_butt_BSK46
12-24-22-0513-00,0,good,good_weld_32_12-24-22_butt_BSK46
12-24-22-0514-00,0,good,good_weld_32_12-24-22_butt_BSK46
12-24-22-0515-00,0,good,good_weld_32_12-24-22_butt_BSK46
12-24-22-0516-00,0,good,good_weld_32_12-24-22_butt_BSK46
12-24-22-0517-00,0,good,good_weld_32_12-24-22_butt_BSK46
12-24-22-0518-00,0,good,good_weld_32_12-24-22_butt_BSK46
12-24-22-0519-00,0,good,good_weld_32_12-24-22_butt_BSK46
12-24-22-0520-00,0,good,good_weld_32_12-24-22_butt_BSK46
12-25-22-0521-00,0,good,good_weld_33_12-25-22_butt_BSK46
12-25-22-0522-00,0,good,good_weld_33_12-25-22_butt_BSK46
12-25-22-0523-00,0,good,good_weld_33_12-25-22_butt_BSK46
12-25-22-0524-00,0,good,good_weld_33_12-25-22_butt_BSK46
12-25-22-0525-00,0,good,good_weld_33_12-25-22_butt_BSK46
12-25-22-0526-00,0,good,good_weld_33_12-25-22_butt_BSK46
12-25-22-0527-00,0,good,good_weld_33_12-25-22_butt_BSK46
12-25-22-0528-00,0,good,good_weld_33_12-25-22_butt_BSK46
12-25-22-0529-00,0,good,good_weld_33_12-25-22_butt_BSK46
12-25-22-0530-00,0,good,good_weld_33_12-25-22_butt_BSK46
12-25-22-0531-00,0,good,good_weld_33_12-25-22_butt_BSK46
12-25-22-0532-00,0,good,good_weld_33_12-25-22_butt_BSK46
12-25-22-0533-00,0,good,good_weld_33_12-25-22_butt_BSK46
12-25-22-0534-00,0,good,good_weld_33_12-25-22_butt_BSK46
12-25-22-0535-00,0,good,good_weld_33_12-25-22_butt_BSK46
12-25-22-0536-00,0,good,good_weld_33_12-25-22_butt_BSK46
12-25-22-0537-00,0,good,good_weld_33_12-25-22_butt_BSK46
12-25-22-0538-00,0,good,good_weld_33_12-25-22_butt_BSK46
12-25-22-0539-00,0,good,good_weld_33_12-25-22_butt_BSK46
12-25-22-0540-00,0,good,good_weld_33_12-25-22_butt_BSK46
02-13-23-0041-00,0,good,good_weld_3_02-13-23_Fe410
02-13-23-0042-00,0,good,good_weld_3_02-13-23_Fe410
02-13-23-0043-00,0,good,good_weld_3_02-13-23_Fe410
02-13-23-0044-00,0,good,good_weld_3_02-13-23_Fe410
02-13-23-0045-00,0,good,good_weld_3_02-13-23_Fe410
02-13-23-0046-00,0,good,good_weld_3_02-13-23_Fe410
02-13-23-0047-00,0,good,good_weld_3_02-13-23_Fe410
02-13-23-0048-00,0,good,good_weld_3_02-13-23_Fe410
02-13-23-0049-00,0,good,good_weld_3_02-13-23_Fe410
02-13-23-0050-00,0,good,good_weld_3_02-13-23_Fe410
02-13-23-0051-00,0,good,good_weld_3_02-13-23_Fe410
02-13-23-0052-00,0,good,good_weld_3_02-13-23_Fe410
02-13-23-0053-00,0,good,good_weld_3_02-13-23_Fe410
02-13-23-0054-00,0,good,good_weld_3_02-13-23_Fe410
02-13-23-0055-00,0,good,good_weld_3_02-13-23_Fe410
02-13-23-0056-00,0,good,good_weld_3_02-13-23_Fe410
02-13-23-0057-00,0,good,good_weld_3_02-13-23_Fe410
02-13-23-0058-00,0,good,good_weld_3_02-13-23_Fe410
02-13-23-0059-00,0,good,good_weld_3_02-13-23_Fe410
02-13-23-0060-00,0,good,good_weld_3_02-13-23_Fe410
09-26-22-0001-00,0,good,good_weld_3_09-26-22_plane_plate
09-26-22-0002-00,0,good,good_weld_3_09-26-22_plane_plate
09-26-22-0003-00,0,good,good_weld_3_09-26-22_plane_plate
09-26-22-0004-00,0,good,good_weld_3_09-26-22_plane_plate
09-26-22-0005-00,0,good,good_weld_3_09-26-22_plane_plate
09-26-22-0006-00,0,good,good_weld_3_09-26-22_plane_plate
09-26-22-0007-00,0,good,good_weld_3_09-26-22_plane_plate
09-26-22-0008-00,0,good,good_weld_3_09-26-22_plane_plate
09-26-22-0009-00,0,good,good_weld_3_09-26-22_plane_plate
09-26-22-0010-00,0,good,good_weld_3_09-26-22_plane_plate
09-26-22-0011-00,0,good,good_weld_3_09-26-22_plane_plate
09-26-22-0012-00,0,good,good_weld_3_09-26-22_plane_plate
09-26-22-0013-00,0,good,good_weld_3_09-26-22_plane_plate
09-26-22-0014-00,0,good,good_weld_3_09-26-22_plane_plate
09-26-22-0015-00,0,good,good_weld_3_09-26-22_plane_plate
09-26-22-0016-00,0,good,good_weld_3_09-26-22_plane_plate
09-26-22-0017-00,0,good,good_weld_3_09-26-22_plane_plate
09-26-22-0018-00,0,good,good_weld_3_09-26-22_plane_plate
09-26-22-0019-00,0,good,good_weld_3_09-26-22_plane_plate
09-26-22-0020-00,0,good,good_weld_3_09-26-22_plane_plate
02-14-23-0062-00,0,good,good_weld_4_02-14-23_Fe410
02-14-23-0063-00,0,good,good_weld_4_02-14-23_Fe410
02-14-23-0064-00,0,good,good_weld_4_02-14-23_Fe410
02-14-23-0066-00,0,good,good_weld_4_02-14-23_Fe410
02-14-23-0067-00,0,good,good_weld_4_02-14-23_Fe410
02-14-23-0068-00,0,good,good_weld_4_02-14-23_Fe410
02-14-23-0069-00,0,good,good_weld_4_02-14-23_Fe410
02-14-23-0071-00,0,good,good_weld_4_02-14-23_Fe410
02-14-23-0073-00,0,good,good_weld_4_02-14-23_Fe410
02-14-23-0074-00,0,good,good_weld_4_02-14-23_Fe410
02-14-23-0076-00,0,good,good_weld_4_02-14-23_Fe410
02-14-23-0077-00,0,good,good_weld_4_02-14-23_Fe410
02-14-23-0078-00,0,good,good_weld_4_02-14-23_Fe410
02-14-23-0079-00,0,good,good_weld_4_02-14-23_Fe410
02-14-23-0080-00,0,good,good_weld_4_02-14-23_Fe410
09-26-22-0021-00,0,good,good_weld_4_09-26-22_plane_plate
09-26-22-0022-00,0,good,good_weld_4_09-26-22_plane_plate
09-26-22-0023-00,0,good,good_weld_4_09-26-22_plane_plate
09-26-22-0024-00,0,good,good_weld_4_09-26-22_plane_plate
09-26-22-0025-00,0,good,good_weld_4_09-26-22_plane_plate
09-26-22-0026-00,0,good,good_weld_4_09-26-22_plane_plate
09-26-22-0027-00,0,good,good_weld_4_09-26-22_plane_plate
09-26-22-0028-00,0,good,good_weld_4_09-26-22_plane_plate
09-26-22-0029-00,0,good,good_weld_4_09-26-22_plane_plate
09-26-22-0030-00,0,good,good_weld_4_09-26-22_plane_plate
09-26-22-0031-00,0,good,good_weld_4_09-26-22_plane_plate
09-26-22-0032-00,0,good,good_weld_4_09-26-22_plane_plate
09-26-22-0033-00,0,good,good_weld_4_09-26-22_plane_plate
09-26-22-0034-00,0,good,good_weld_4_09-26-22_plane_plate
09-26-22-0035-00,0,good,good_weld_4_09-26-22_plane_plate
09-26-22-0036-00,0,good,good_weld_4_09-26-22_plane_plate
09-26-22-0037-00,0,good,good_weld_4_09-26-22_plane_plate
09-26-22-0038-00,0,good,good_weld_4_09-26-22_plane_plate
09-26-22-0039-00,0,good,good_weld_4_09-26-22_plane_plate
09-26-22-0040-00,0,good,good_weld_4_09-26-22_plane_plate
02-16-23-0081-00,0,good,good_weld_5_02-16-23_Fe410
02-16-23-0082-00,0,good,good_weld_5_02-16-23_Fe410
02-16-23-0083-00,0,good,good_weld_5_02-16-23_Fe410
02-16-23-0084-00,0,good,good_weld_5_02-16-23_Fe410
02-16-23-0085-00,0,good,good_weld_5_02-16-23_Fe410
02-16-23-0086-00,0,good,good_weld_5_02-16-23_Fe410
02-16-23-0087-00,0,good,good_weld_5_02-16-23_Fe410
02-16-23-0088-00,0,good,good_weld_5_02-16-23_Fe410
02-16-23-0089-00,0,good,good_weld_5_02-16-23_Fe410
02-16-23-0090-00,0,good,good_weld_5_02-16-23_Fe410
02-16-23-0091-00,0,good,good_weld_5_02-16-23_Fe410
02-16-23-0092-00,0,good,good_weld_5_02-16-23_Fe410
02-17-23-0093-00,0,good,good_weld_5_02-16-23_Fe410
02-17-23-0094-00,0,good,good_weld_5_02-16-23_Fe410
02-17-23-0095-00,0,good,good_weld_5_02-16-23_Fe410
02-17-23-0096-00,0,good,good_weld_5_02-16-23_Fe410
02-17-23-0097-00,0,good,good_weld_5_02-16-23_Fe410
02-17-23-0098-00,0,good,good_weld_5_02-16-23_Fe410
02-17-23-0099-00,0,good,good_weld_5_02-16-23_Fe410
02-17-23-0100-00,0,good,good_weld_5_02-16-23_Fe410
09-26-22-0041-00,0,good,good_weld_5_09-26-22_plane_plate
09-26-22-0042-00,0,good,good_weld_5_09-26-22_plane_plate
09-26-22-0043-00,0,good,good_weld_5_09-26-22_plane_plate
09-26-22-0044-00,0,good,good_weld_5_09-26-22_plane_plate
09-26-22-0045-00,0,good,good_weld_5_09-26-22_plane_plate
09-26-22-0046-00,0,good,good_weld_5_09-26-22_plane_plate
09-26-22-0047-00,0,good,good_weld_5_09-26-22_plane_plate
09-26-22-0048-00,0,good,good_weld_5_09-26-22_plane_plate
09-26-22-0049-00,0,good,good_weld_5_09-26-22_plane_plate
02-17-23-0101-00,0,good,good_weld_6_02-17-23_Fe410
02-17-23-0102-00,0,good,good_weld_6_02-17-23_Fe410
02-17-23-0103-00,0,good,good_weld_6_02-17-23_Fe410
02-17-23-0104-00,0,good,good_weld_6_02-17-23_Fe410
02-17-23-0105-00,0,good,good_weld_6_02-17-23_Fe410
02-17-23-0106-00,0,good,good_weld_6_02-17-23_Fe410
02-17-23-0108-00,0,good,good_weld_6_02-17-23_Fe410
02-17-23-0109-00,0,good,good_weld_6_02-17-23_Fe410
02-17-23-0110-00,0,good,good_weld_6_02-17-23_Fe410
02-17-23-0111-00,0,good,good_weld_6_02-17-23_Fe410
02-17-23-0112-00,0,good,good_weld_6_02-17-23_Fe410
02-17-23-0114-00,0,good,good_weld_6_02-17-23_Fe410
02-17-23-0115-00,0,good,good_weld_6_02-17-23_Fe410
02-17-23-0116-00,0,good,good_weld_6_02-17-23_Fe410
02-17-23-0118-00,0,good,good_weld_6_02-17-23_Fe410
02-17-23-0119-00,0,good,good_weld_6_02-17-23_Fe410
02-17-23-0120-00,0,good,good_weld_6_02-17-23_Fe410
09-26-22-0061-00,0,good,good_weld_6_09-26-22_plane_plate
09-26-22-0062-00,0,good,good_weld_6_09-26-22_plane_plate
09-26-22-0063-00,0,good,good_weld_6_09-26-22_plane_plate
09-26-22-0064-00,0,good,good_weld_6_09-26-22_plane_plate
09-26-22-0065-00,0,good,good_weld_6_09-26-22_plane_plate
09-26-22-0066-00,0,good,good_weld_6_09-26-22_plane_plate
09-26-22-0067-00,0,good,good_weld_6_09-26-22_plane_plate
09-26-22-0068-00,0,good,good_weld_6_09-26-22_plane_plate
09-26-22-0069-00,0,good,good_weld_6_09-26-22_plane_plate
09-26-22-0070-00,0,good,good_weld_6_09-26-22_plane_plate
09-26-22-0071-00,0,good,good_weld_6_09-26-22_plane_plate
09-26-22-0072-00,0,good,good_weld_6_09-26-22_plane_plate
09-26-22-0073-00,0,good,good_weld_6_09-26-22_plane_plate
09-26-22-0074-00,0,good,good_weld_6_09-26-22_plane_plate
09-26-22-0075-00,0,good,good_weld_6_09-26-22_plane_plate
09-26-22-0076-00,0,good,good_weld_6_09-26-22_plane_plate
09-26-22-0077-00,0,good,good_weld_6_09-26-22_plane_plate
09-26-22-0078-00,0,good,good_weld_6_09-26-22_plane_plate
09-26-22-0079-00,0,good,good_weld_6_09-26-22_plane_plate
09-26-22-0080-00,0,good,good_weld_6_09-26-22_plane_plate
02-17-23-0123-00,0,good,good_weld_7_02-17-23_Fe410
02-17-23-0125-00,0,good,good_weld_7_02-17-23_Fe410
02-17-23-0126-00,0,good,good_weld_7_02-17-23_Fe410
02-17-23-0128-00,0,good,good_weld_7_02-17-23_Fe410
02-17-23-0130-00,0,good,good_weld_7_02-17-23_Fe410
02-17-23-0131-00,0,good,good_weld_7_02-17-23_Fe410
02-17-23-0134-00,0,good,good_weld_7_02-17-23_Fe410
02-17-23-0135-00,0,good,good_weld_7_02-17-23_Fe410
02-17-23-0138-00,0,good,good_weld_7_02-17-23_Fe410
02-17-23-0140-00,0,good,good_weld_7_02-17-23_Fe410
09-29-22-0001-00,0,good,good_weld_7_09-29-22_butt
09-29-22-0002-00,0,good,good_weld_7_09-29-22_butt
09-29-22-0003-00,0,good,good_weld_7_09-29-22_butt
09-29-22-0004-00,0,good,good_weld_7_09-29-22_butt
09-29-22-0005-00,0,good,good_weld_7_09-29-22_butt
09-29-22-0006-00,0,good,good_weld_7_09-29-22_butt
09-29-22-0007-00,0,good,good_weld_7_09-29-22_butt
09-29-22-0008-00,0,good,good_weld_7_09-29-22_butt
09-29-22-0009-00,0,good,good_weld_7_09-29-22_butt
09-29-22-0010-00,0,good,good_weld_7_09-29-22_butt
09-29-22-0011-00,0,good,good_weld_7_09-29-22_butt
09-29-22-0012-00,0,good,good_weld_7_09-29-22_butt
09-29-22-0013-00,0,good,good_weld_7_09-29-22_butt
09-29-22-0014-00,0,good,good_weld_7_09-29-22_butt
09-29-22-0015-00,0,good,good_weld_7_09-29-22_butt
09-29-22-0016-00,0,good,good_weld_7_09-29-22_butt
09-29-22-0017-00,0,good,good_weld_7_09-29-22_butt
09-29-22-0018-00,0,good,good_weld_7_09-29-22_butt
09-29-22-0019-00,0,good,good_weld_7_09-29-22_butt
09-29-22-0020-00,0,good,good_weld_7_09-29-22_butt
09-29-22-0021-00,0,good,good_weld_8_09-29-22_butt
09-29-22-0022-00,0,good,good_weld_8_09-29-22_butt
09-29-22-0023-00,0,good,good_weld_8_09-29-22_butt
09-29-22-0024-00,0,good,good_weld_8_09-29-22_butt
09-29-22-0025-00,0,good,good_weld_8_09-29-22_butt
09-29-22-0026-00,0,good,good_weld_8_09-29-22_butt
09-29-22-0027-00,0,good,good_weld_8_09-29-22_butt
09-29-22-0028-00,0,good,good_weld_8_09-29-22_butt
09-29-22-0029-00,0,good,good_weld_8_09-29-22_butt
09-29-22-0030-00,0,good,good_weld_8_09-29-22_butt
09-29-22-0031-00,0,good,good_weld_8_09-29-22_butt
09-29-22-0032-00,0,good,good_weld_8_09-29-22_butt
09-29-22-0033-00,0,good,good_weld_8_09-29-22_butt
09-29-22-0034-00,0,good,good_weld_8_09-29-22_butt
09-29-22-0035-00,0,good,good_weld_8_09-29-22_butt
09-29-22-0036-00,0,good,good_weld_8_09-29-22_butt
09-29-22-0037-00,0,good,good_weld_8_09-29-22_butt
09-29-22-0038-00,0,good,good_weld_8_09-29-22_butt
09-29-22-0039-00,0,good,good_weld_8_09-29-22_butt
09-29-22-0040-00,0,good,good_weld_8_09-29-22_butt
09-29-22-0041-00,0,good,good_weld_9_09-29-22_butt
09-29-22-0042-00,0,good,good_weld_9_09-29-22_butt
09-30-22-0043-00,0,good,good_weld_9_09-29-22_butt
09-30-22-0044-00,0,good,good_weld_9_09-29-22_butt
09-30-22-0045-00,0,good,good_weld_9_09-29-22_butt
09-30-22-0046-00,0,good,good_weld_9_09-29-22_butt
09-30-22-0047-00,0,good,good_weld_9_09-29-22_butt
09-30-22-0048-00,0,good,good_weld_9_09-29-22_butt
09-30-22-0049-00,0,good,good_weld_9_09-29-22_butt
09-30-22-0050-00,0,good,good_weld_9_09-29-22_butt
09-30-22-0051-00,0,good,good_weld_9_09-29-22_butt
09-30-22-0052-00,0,good,good_weld_9_09-29-22_butt
09-30-22-0053-00,0,good,good_weld_9_09-29-22_butt
09-30-22-0054-00,0,good,good_weld_9_09-29-22_butt
09-30-22-0055-00,0,good,good_weld_9_09-29-22_butt
09-30-22-0057-00,0,good,good_weld_9_09-29-22_butt
09-30-22-0058-00,0,good,good_weld_9_09-29-22_butt
09-30-22-0059-00,0,good,good_weld_9_09-29-22_butt
09-30-22-0060-00,0,good,good_weld_9_09-29-22_butt
12-04-22-0161-02,1,burnthrough,burnthrough_weld_10_12-04-22_butt_joint
12-04-22-0162-02,1,burnthrough,burnthrough_weld_10_12-04-22_butt_joint
12-04-22-0163-02,1,burnthrough,burnthrough_weld_10_12-04-22_butt_joint
12-04-22-0164-02,1,burnthrough,burnthrough_weld_10_12-04-22_butt_joint
12-04-22-0165-02,1,burnthrough,burnthrough_weld_10_12-04-22_butt_joint
12-04-22-0166-02,1,burnthrough,burnthrough_weld_10_12-04-22_butt_joint
12-04-22-0167-02,1,burnthrough,burnthrough_weld_10_12-04-22_butt_joint
12-04-22-0168-02,1,burnthrough,burnthrough_weld_10_12-04-22_butt_joint
12-04-22-0169-02,1,burnthrough,burnthrough_weld_10_12-04-22_butt_joint
12-04-22-0170-02,1,burnthrough,burnthrough_weld_10_12-04-22_butt_joint
12-06-22-0181-02,1,burnthrough,burnthrough_weld_11_12-06-22_butt_joint
12-06-22-0182-02,1,burnthrough,burnthrough_weld_11_12-06-22_butt_joint
12-06-22-0183-02,1,burnthrough,burnthrough_weld_11_12-06-22_butt_joint
12-06-22-0184-02,1,burnthrough,burnthrough_weld_11_12-06-22_butt_joint
12-06-22-0185-02,1,burnthrough,burnthrough_weld_11_12-06-22_butt_joint
12-06-22-0186-02,1,burnthrough,burnthrough_weld_11_12-06-22_butt_joint
12-06-22-0187-02,1,burnthrough,burnthrough_weld_11_12-06-22_butt_joint
12-06-22-0188-02,1,burnthrough,burnthrough_weld_11_12-06-22_butt_joint
12-06-22-0189-02,1,burnthrough,burnthrough_weld_11_12-06-22_butt_joint
12-06-22-0190-02,1,burnthrough,burnthrough_weld_11_12-06-22_butt_joint
12-14-22-0201-02,1,burnthrough,burnthrough_weld_12_12-14-22_butt_joint
12-14-22-0202-02,1,burnthrough,burnthrough_weld_12_12-14-22_butt_joint
12-14-22-0203-02,1,burnthrough,burnthrough_weld_12_12-14-22_butt_joint
12-14-22-0204-02,1,burnthrough,burnthrough_weld_12_12-14-22_butt_joint
12-14-22-0205-02,1,burnthrough,burnthrough_weld_12_12-14-22_butt_joint
12-14-22-0206-02,1,burnthrough,burnthrough_weld_12_12-14-22_butt_joint
12-14-22-0207-02,1,burnthrough,burnthrough_weld_12_12-14-22_butt_joint
12-14-22-0208-02,1,burnthrough,burnthrough_weld_12_12-14-22_butt_joint
12-14-22-0209-02,1,burnthrough,burnthrough_weld_12_12-14-22_butt_joint
12-14-22-0221-02,1,burnthrough,burnthrough_weld_13_12-14-22_butt_joint
12-14-22-0222-02,1,burnthrough,burnthrough_weld_13_12-14-22_butt_joint
12-14-22-0223-02,1,burnthrough,burnthrough_weld_13_12-14-22_butt_joint
12-14-22-0224-02,1,burnthrough,burnthrough_weld_13_12-14-22_butt_joint
12-14-22-0225-02,1,burnthrough,burnthrough_weld_13_12-14-22_butt_joint
12-14-22-0227-02,1,burnthrough,burnthrough_weld_13_12-14-22_butt_joint
12-14-22-0228-02,1,burnthrough,burnthrough_weld_13_12-14-22_butt_joint
12-14-22-0229-02,1,burnthrough,burnthrough_weld_13_12-14-22_butt_joint
12-14-22-0230-02,1,burnthrough,burnthrough_weld_13_12-14-22_butt_joint
12-14-22-0231-02,1,burnthrough,burnthrough_weld_13_12-14-22_butt_joint
12-14-22-0232-02,1,burnthrough,burnthrough_weld_13_12-14-22_butt_joint
12-14-22-0233-02,1,burnthrough,burnthrough_weld_13_12-14-22_butt_joint
12-14-22-0234-02,1,burnthrough,burnthrough_weld_13_12-14-22_butt_joint
12-14-22-0235-02,1,burnthrough,burnthrough_weld_13_12-14-22_butt_joint
12-14-22-0236-02,1,burnthrough,burnthrough_weld_13_12-14-22_butt_joint
12-14-22-0237-02,1,burnthrough,burnthrough_weld_13_12-14-22_butt_joint
12-14-22-0238-02,1,burnthrough,burnthrough_weld_13_12-14-22_butt_joint
12-14-22-0239-02,1,burnthrough,burnthrough_weld_13_12-14-22_butt_joint
12-14-22-0240-02,1,burnthrough,burnthrough_weld_13_12-14-22_butt_joint
12-14-22-0241-02,1,burnthrough,burnthrough_weld_14_12-14-22_butt_joint
12-14-22-0242-02,1,burnthrough,burnthrough_weld_14_12-14-22_butt_joint
12-14-22-0243-02,1,burnthrough,burnthrough_weld_14_12-14-22_butt_joint
12-14-22-0244-02,1,burnthrough,burnthrough_weld_14_12-14-22_butt_joint
12-14-22-0245-02,1,burnthrough,burnthrough_weld_14_12-14-22_butt_joint
12-14-22-0246-02,1,burnthrough,burnthrough_weld_14_12-14-22_butt_joint
12-14-22-0247-02,1,burnthrough,burnthrough_weld_14_12-14-22_butt_joint
12-14-22-0248-02,1,burnthrough,burnthrough_weld_14_12-14-22_butt_joint
12-14-22-0249-02,1,burnthrough,burnthrough_weld_14_12-14-22_butt_joint
12-14-22-0250-02,1,burnthrough,burnthrough_weld_14_12-14-22_butt_joint
12-28-22-0261-02,1,burnthrough,burnthrough_weld_15_12-28-22_butt_joint_BSK46
12-28-22-0262-02,1,burnthrough,burnthrough_weld_15_12-28-22_butt_joint_BSK46
12-28-22-0263-02,1,burnthrough,burnthrough_weld_15_12-28-22_butt_joint_BSK46
12-28-22-0264-02,1,burnthrough,burnthrough_weld_15_12-28-22_butt_joint_BSK46
12-28-22-0265-02,1,burnthrough,burnthrough_weld_15_12-28-22_butt_joint_BSK46
12-28-22-0266-02,1,burnthrough,burnthrough_weld_15_12-28-22_butt_joint_BSK46
12-28-22-0267-02,1,burnthrough,burnthrough_weld_15_12-28-22_butt_joint_BSK46
12-28-22-0268-02,1,burnthrough,burnthrough_weld_15_12-28-22_butt_joint_BSK46
12-28-22-0269-02,1,burnthrough,burnthrough_weld_15_12-28-22_butt_joint_BSK46
12-28-22-0270-02,1,burnthrough,burnthrough_weld_15_12-28-22_butt_joint_BSK46
12-28-22-0281-02,1,burnthrough,burnthrough_weld_16_12-28-22_butt_joint_BSK46
12-28-22-0282-02,1,burnthrough,burnthrough_weld_16_12-28-22_butt_joint_BSK46
12-28-22-0283-02,1,burnthrough,burnthrough_weld_16_12-28-22_butt_joint_BSK46
12-28-22-0284-02,1,burnthrough,burnthrough_weld_16_12-28-22_butt_joint_BSK46
12-28-22-0285-02,1,burnthrough,burnthrough_weld_16_12-28-22_butt_joint_BSK46
12-28-22-0286-02,1,burnthrough,burnthrough_weld_16_12-28-22_butt_joint_BSK46
12-28-22-0287-02,1,burnthrough,burnthrough_weld_16_12-28-22_butt_joint_BSK46
12-28-22-0288-02,1,burnthrough,burnthrough_weld_16_12-28-22_butt_joint_BSK46
12-28-22-0289-02,1,burnthrough,burnthrough_weld_16_12-28-22_butt_joint_BSK46
12-28-22-0290-02,1,burnthrough,burnthrough_weld_16_12-28-22_butt_joint_BSK46
09-09-22-0001-02,1,burnthrough,burnthrough_weld_1_09_09_2022_butt_joint
09-09-22-0002-02,1,burnthrough,burnthrough_weld_1_09_09_2022_butt_joint
09-09-22-0003-02,1,burnthrough,burnthrough_weld_1_09_09_2022_butt_joint
09-09-22-0004-02,1,burnthrough,burnthrough_weld_1_09_09_2022_butt_joint
09-09-22-0005-02,1,burnthrough,burnthrough_weld_1_09_09_2022_butt_joint
09-09-22-0007-02,1,burnthrough,burnthrough_weld_1_09_09_2022_butt_joint
09-09-22-0008-02,1,burnthrough,burnthrough_weld_1_09_09_2022_butt_joint
09-09-22-0009-02,1,burnthrough,burnthrough_weld_1_09_09_2022_butt_joint
09-09-22-0010-02,1,burnthrough,burnthrough_weld_1_09_09_2022_butt_joint
09-09-22-0011-02,1,burnthrough,burnthrough_weld_1_09_09_2022_butt_joint
09-09-22-0012-02,1,burnthrough,burnthrough_weld_1_09_09_2022_butt_joint
09-09-22-0013-02,1,burnthrough,burnthrough_weld_1_09_09_2022_butt_joint
09-09-22-0014-02,1,burnthrough,burnthrough_weld_1_09_09_2022_butt_joint
09-09-22-0015-02,1,burnthrough,burnthrough_weld_1_09_09_2022_butt_joint
09-09-22-0016-02,1,burnthrough,burnthrough_weld_1_09_09_2022_butt_joint
09-09-22-0017-02,1,burnthrough,burnthrough_weld_1_09_09_2022_butt_joint
09-09-22-0018-02,1,burnthrough,burnthrough_weld_1_09_09_2022_butt_joint
09-09-22-0019-02,1,burnthrough,burnthrough_weld_1_09_09_2022_butt_joint
09-09-22-0020-02,1,burnthrough,burnthrough_weld_1_09_09_2022_butt_joint
09-12-22-0006-02,1,burnthrough,burnthrough_weld_1_09_09_2022_butt_joint
10-11-22-0001-02,1,burnthrough,burnthrough_weld_2_10-11-22_Butt_Joint
10-11-22-0002-02,1,burnthrough,burnthrough_weld_2_10-11-22_Butt_Joint
10-11-22-0004-02,1,burnthrough,burnthrough_weld_2_10-11-22_Butt_Joint
10-11-22-0005-02,1,burnthrough,burnthrough_weld_2_10-11-22_Butt_Joint
10-11-22-0006-02,1,burnthrough,burnthrough_weld_2_10-11-22_Butt_Joint
10-11-22-0007-02,1,burnthrough,burnthrough_weld_2_10-11-22_Butt_Joint
10-11-22-0008-02,1,burnthrough,burnthrough_weld_2_10-11-22_Butt_Joint
10-11-22-0009-02,1,burnthrough,burnthrough_weld_2_10-11-22_Butt_Joint
10-11-22-0010-02,1,burnthrough,burnthrough_weld_2_10-11-22_Butt_Joint
10-11-22-0021-02,1,burnthrough,burnthrough_weld_3_10-11-22_Butt_Joint
10-11-22-0022-02,1,burnthrough,burnthrough_weld_3_10-11-22_Butt_Joint
10-11-22-0024-02,1,burnthrough,burnthrough_weld_3_10-11-22_Butt_Joint
10-11-22-0025-02,1,burnthrough,burnthrough_weld_3_10-11-22_Butt_Joint
10-11-22-0026-02,1,burnthrough,burnthrough_weld_3_10-11-22_Butt_Joint
10-11-22-0027-02,1,burnthrough,burnthrough_weld_3_10-11-22_Butt_Joint
10-11-22-0028-02,1,burnthrough,burnthrough_weld_3_10-11-22_Butt_Joint
10-11-22-0029-02,1,burnthrough,burnthrough_weld_3_10-11-22_Butt_Joint
10-11-22-0030-02,1,burnthrough,burnthrough_weld_3_10-11-22_Butt_Joint
10-15-22-0041-02,1,burnthrough,burnthrough_weld_4_10-15-22_Butt_Joint
10-15-22-0042-02,1,burnthrough,burnthrough_weld_4_10-15-22_Butt_Joint
10-15-22-0043-02,1,burnthrough,burnthrough_weld_4_10-15-22_Butt_Joint
10-15-22-0044-02,1,burnthrough,burnthrough_weld_4_10-15-22_Butt_Joint
10-15-22-0045-02,1,burnthrough,burnthrough_weld_4_10-15-22_Butt_Joint
10-15-22-0046-02,1,burnthrough,burnthrough_weld_4_10-15-22_Butt_Joint
10-15-22-0047-02,1,burnthrough,burnthrough_weld_4_10-15-22_Butt_Joint
10-15-22-0048-02,1,burnthrough,burnthrough_weld_4_10-15-22_Butt_Joint
10-16-22-0061-02,1,burnthrough,burnthrough_weld_5_10-16-22_Butt_Joint
10-16-22-0062-02,1,burnthrough,burnthrough_weld_5_10-16-22_Butt_Joint
10-16-22-0063-02,1,burnthrough,burnthrough_weld_5_10-16-22_Butt_Joint
10-16-22-0064-02,1,burnthrough,burnthrough_weld_5_10-16-22_Butt_Joint
10-16-22-0065-02,1,burnthrough,burnthrough_weld_5_10-16-22_Butt_Joint
10-16-22-0066-02,1,burnthrough,burnthrough_weld_5_10-16-22_Butt_Joint
10-16-22-0067-02,1,burnthrough,burnthrough_weld_5_10-16-22_Butt_Joint
10-16-22-0068-02,1,burnthrough,burnthrough_weld_5_10-16-22_Butt_Joint
10-16-22-0069-02,1,burnthrough,burnthrough_weld_5_10-16-22_Butt_Joint
12-04-22-0081-02,1,burnthrough,burnthrough_weld_6_12-04-22_butt_joint
12-04-22-0082-02,1,burnthrough,burnthrough_weld_6_12-04-22_butt_joint
12-04-22-0083-02,1,burnthrough,burnthrough_weld_6_12-04-22_butt_joint
12-04-22-0084-02,1,burnthrough,burnthrough_weld_6_12-04-22_butt_joint
12-04-22-0085-02,1,burnthrough,burnthrough_weld_6_12-04-22_butt_joint
12-04-22-0086-02,1,burnthrough,burnthrough_weld_6_12-04-22_butt_joint
12-04-22-0087-02,1,burnthrough,burnthrough_weld_6_12-04-22_butt_joint
12-04-22-0088-02,1,burnthrough,burnthrough_weld_6_12-04-22_butt_joint
12-04-22-0089-02,1,burnthrough,burnthrough_weld_6_12-04-22_butt_joint
12-04-22-0101-02,1,burnthrough,burnthrough_weld_7_12-04-22_butt_joint
12-04-22-0102-02,1,burnthrough,burnthrough_weld_7_12-04-22_butt_joint
12-04-22-0103-02,1,burnthrough,burnthrough_weld_7_12-04-22_butt_joint
12-04-22-0104-02,1,burnthrough,burnthrough_weld_7_12-04-22_butt_joint
12-04-22-0105-02,1,burnthrough,burnthrough_weld_7_12-04-22_butt_joint
12-04-22-0106-02,1,burnthrough,burnthrough_weld_7_12-04-22_butt_joint
12-04-22-0107-02,1,burnthrough,burnthrough_weld_7_12-04-22_butt_joint
12-04-22-0108-02,1,burnthrough,burnthrough_weld_7_12-04-22_butt_joint
12-04-22-0109-02,1,burnthrough,burnthrough_weld_7_12-04-22_butt_joint
12-04-22-0121-02,1,burnthrough,burnthrough_weld_8_12-04-22_butt_joint
12-04-22-0122-02,1,burnthrough,burnthrough_weld_8_12-04-22_butt_joint
12-04-22-0123-02,1,burnthrough,burnthrough_weld_8_12-04-22_butt_joint
12-04-22-0124-02,1,burnthrough,burnthrough_weld_8_12-04-22_butt_joint
12-04-22-0125-02,1,burnthrough,burnthrough_weld_8_12-04-22_butt_joint
12-04-22-0126-02,1,burnthrough,burnthrough_weld_8_12-04-22_butt_joint
12-04-22-0127-02,1,burnthrough,burnthrough_weld_8_12-04-22_butt_joint
12-04-22-0128-02,1,burnthrough,burnthrough_weld_8_12-04-22_butt_joint
12-04-22-0129-02,1,burnthrough,burnthrough_weld_8_12-04-22_butt_joint
12-04-22-0130-02,1,burnthrough,burnthrough_weld_8_12-04-22_butt_joint
12-04-22-0141-02,1,burnthrough,burnthrough_weld_9_12-04-22_butt_joint
12-04-22-0142-02,1,burnthrough,burnthrough_weld_9_12-04-22_butt_joint
12-04-22-0143-02,1,burnthrough,burnthrough_weld_9_12-04-22_butt_joint
12-04-22-0144-02,1,burnthrough,burnthrough_weld_9_12-04-22_butt_joint
12-04-22-0145-02,1,burnthrough,burnthrough_weld_9_12-04-22_butt_joint
12-04-22-0146-02,1,burnthrough,burnthrough_weld_9_12-04-22_butt_joint
12-04-22-0147-02,1,burnthrough,burnthrough_weld_9_12-04-22_butt_joint
12-04-22-0148-02,1,burnthrough,burnthrough_weld_9_12-04-22_butt_joint
03-20-23-0001-11,1,crater_cracks,crater_cracks_1_03-20-23_Fe410
03-20-23-0002-11,1,crater_cracks,crater_cracks_1_03-20-23_Fe410
03-20-23-0003-11,1,crater_cracks,crater_cracks_1_03-20-23_Fe410
03-20-23-0004-11,1,crater_cracks,crater_cracks_1_03-20-23_Fe410
03-20-23-0005-11,1,crater_cracks,crater_cracks_1_03-20-23_Fe410
03-20-23-0006-11,1,crater_cracks,crater_cracks_1_03-20-23_Fe410
03-20-23-0008-11,1,crater_cracks,crater_cracks_1_03-20-23_Fe410
03-20-23-0009-11,1,crater_cracks,crater_cracks_1_03-20-23_Fe410
03-20-23-0010-11,1,crater_cracks,crater_cracks_1_03-20-23_Fe410
03-21-23-0001-11,1,crater_cracks,crater_cracks_1_03-21-23_BSK46
03-21-23-0002-11,1,crater_cracks,crater_cracks_1_03-21-23_BSK46
03-21-23-0003-11,1,crater_cracks,crater_cracks_1_03-21-23_BSK46
03-21-23-0004-11,1,crater_cracks,crater_cracks_1_03-21-23_BSK46
03-21-23-0005-11,1,crater_cracks,crater_cracks_1_03-21-23_BSK46
03-21-23-0006-11,1,crater_cracks,crater_cracks_1_03-21-23_BSK46
03-21-23-0007-11,1,crater_cracks,crater_cracks_1_03-21-23_BSK46
03-21-23-0008-11,1,crater_cracks,crater_cracks_1_03-21-23_BSK46
03-21-23-0009-11,1,crater_cracks,crater_cracks_1_03-21-23_BSK46
03-21-23-0010-11,1,crater_cracks,crater_cracks_1_03-21-23_BSK46
03-20-23-0021-11,1,crater_cracks,crater_cracks_2_03-20-23_Fe410
03-20-23-0022-11,1,crater_cracks,crater_cracks_2_03-20-23_Fe410
03-20-23-0023-11,1,crater_cracks,crater_cracks_2_03-20-23_Fe410
03-20-23-0024-11,1,crater_cracks,crater_cracks_2_03-20-23_Fe410
03-20-23-0025-11,1,crater_cracks,crater_cracks_2_03-20-23_Fe410
03-20-23-0026-11,1,crater_cracks,crater_cracks_2_03-20-23_Fe410
03-20-23-0027-11,1,crater_cracks,crater_cracks_2_03-20-23_Fe410
03-20-23-0028-11,1,crater_cracks,crater_cracks_2_03-20-23_Fe410
03-20-23-0041-11,1,crater_cracks,crater_cracks_3_03-20-23_Fe410
03-20-23-0042-11,1,crater_cracks,crater_cracks_3_03-20-23_Fe410
03-20-23-0043-11,1,crater_cracks,crater_cracks_3_03-20-23_Fe410
03-20-23-0044-11,1,crater_cracks,crater_cracks_3_03-20-23_Fe410
03-20-23-0045-11,1,crater_cracks,crater_cracks_3_03-20-23_Fe410
03-20-23-0046-11,1,crater_cracks,crater_cracks_3_03-20-23_Fe410
03-20-23-0048-11,1,crater_cracks,crater_cracks_3_03-20-23_Fe410
03-20-23-0049-11,1,crater_cracks,crater_cracks_3_03-20-23_Fe410
03-20-23-0050-11,1,crater_cracks,crater_cracks_3_03-20-23_Fe410
03-20-23-0061-11,1,crater_cracks,crater_cracks_4_03-20-23_Fe410
03-20-23-0062-11,1,crater_cracks,crater_cracks_4_03-20-23_Fe410
03-20-23-0063-11,1,crater_cracks,crater_cracks_4_03-20-23_Fe410
03-20-23-0064-11,1,crater_cracks,crater_cracks_4_03-20-23_Fe410
03-20-23-0065-11,1,crater_cracks,crater_cracks_4_03-20-23_Fe410
03-20-23-0066-11,1,crater_cracks,crater_cracks_4_03-20-23_Fe410
03-20-23-0067-11,1,crater_cracks,crater_cracks_4_03-20-23_Fe410
03-20-23-0068-11,1,crater_cracks,crater_cracks_4_03-20-23_Fe410
03-20-23-0069-11,1,crater_cracks,crater_cracks_4_03-20-23_Fe410
03-20-23-0070-11,1,crater_cracks,crater_cracks_4_03-20-23_Fe410
03-20-23-0081-11,1,crater_cracks,crater_cracks_5_03-20-23_Fe410
03-20-23-0082-11,1,crater_cracks,crater_cracks_5_03-20-23_Fe410
03-20-23-0083-11,1,crater_cracks,crater_cracks_5_03-20-23_Fe410
03-20-23-0084-11,1,crater_cracks,crater_cracks_5_03-20-23_Fe410
03-20-23-0085-11,1,crater_cracks,crater_cracks_5_03-20-23_Fe410
03-20-23-0086-11,1,crater_cracks,crater_cracks_5_03-20-23_Fe410
03-20-23-0087-11,1,crater_cracks,crater_cracks_5_03-20-23_Fe410
03-20-23-0088-11,1,crater_cracks,crater_cracks_5_03-20-23_Fe410
03-20-23-0089-11,1,crater_cracks,crater_cracks_5_03-20-23_Fe410
03-20-23-0090-11,1,crater_cracks,crater_cracks_5_03-20-23_Fe410
03-20-23-0101-11,1,crater_cracks,crater_cracks_6_03-20-23_Fe410
03-20-23-0102-11,1,crater_cracks,crater_cracks_6_03-20-23_Fe410
03-20-23-0103-11,1,crater_cracks,crater_cracks_6_03-20-23_Fe410
03-20-23-0104-11,1,crater_cracks,crater_cracks_6_03-20-23_Fe410
03-20-23-0105-11,1,crater_cracks,crater_cracks_6_03-20-23_Fe410
03-20-23-0106-11,1,crater_cracks,crater_cracks_6_03-20-23_Fe410
03-20-23-0107-11,1,crater_cracks,crater_cracks_6_03-20-23_Fe410
03-20-23-0108-11,1,crater_cracks,crater_cracks_6_03-20-23_Fe410
03-20-23-0109-11,1,crater_cracks,crater_cracks_6_03-20-23_Fe410
03-20-23-0110-11,1,crater_cracks,crater_cracks_6_03-20-23_Fe410
03-20-23-0122-11,1,crater_cracks,crater_cracks_7_03-20-23_Fe410
03-20-23-0123-11,1,crater_cracks,crater_cracks_7_03-20-23_Fe410
03-20-23-0124-11,1,crater_cracks,crater_cracks_7_03-20-23_Fe410
03-20-23-0125-11,1,crater_cracks,crater_cracks_7_03-20-23_Fe410
03-20-23-0126-11,1,crater_cracks,crater_cracks_7_03-20-23_Fe410
03-20-23-0127-11,1,crater_cracks,crater_cracks_7_03-20-23_Fe410
03-20-23-0128-11,1,crater_cracks,crater_cracks_7_03-20-23_Fe410
03-20-23-0129-11,1,crater_cracks,crater_cracks_7_03-20-23_Fe410
03-20-23-0130-11,1,crater_cracks,crater_cracks_7_03-20-23_Fe410
03-04-23-0001-08,1,excessive_convexity,excessive_convexity_1_03-04-23_Fe410
03-04-23-0002-08,1,excessive_convexity,excessive_convexity_1_03-04-23_Fe410
03-04-23-0003-08,1,excessive_convexity,excessive_convexity_1_03-04-23_Fe410
03-04-23-0004-08,1,excessive_convexity,excessive_convexity_1_03-04-23_Fe410
03-04-23-0005-08,1,excessive_convexity,excessive_convexity_1_03-04-23_Fe410
03-04-23-0006-08,1,excessive_convexity,excessive_convexity_1_03-04-23_Fe410
03-04-23-0007-08,1,excessive_convexity,excessive_convexity_1_03-04-23_Fe410
03-04-23-0008-08,1,excessive_convexity,excessive_convexity_1_03-04-23_Fe410
03-04-23-0009-08,1,excessive_convexity,excessive_convexity_1_03-04-23_Fe410
03-04-23-0010-08,1,excessive_convexity,excessive_convexity_1_03-04-23_Fe410
03-19-23-0001-08,1,excessive_convexity,excessive_convexity_1_03-19-23_BSK46
03-19-23-0002-08,1,excessive_convexity,excessive_convexity_1_03-19-23_BSK46
03-19-23-0003-08,1,excessive_convexity,excessive_convexity_1_03-19-23_BSK46
03-19-23-0004-08,1,excessive_convexity,excessive_convexity_1_03-19-23_BSK46
03-19-23-0005-08,1,excessive_convexity,excessive_convexity_1_03-19-23_BSK46
03-19-23-0006-08,1,excessive_convexity,excessive_convexity_1_03-19-23_BSK46
03-19-23-0007-08,1,excessive_convexity,excessive_convexity_1_03-19-23_BSK46
03-19-23-0008-08,1,excessive_convexity,excessive_convexity_1_03-19-23_BSK46
03-19-23-0009-08,1,excessive_convexity,excessive_convexity_1_03-19-23_BSK46
03-19-23-0010-08,1,excessive_convexity,excessive_convexity_1_03-19-23_BSK46
03-04-23-0021-08,1,excessive_convexity,excessive_convexity_2_03-04-23_Fe410
03-04-23-0022-08,1,excessive_convexity,excessive_convexity_2_03-04-23_Fe410
03-04-23-0023-08,1,excessive_convexity,excessive_convexity_2_03-04-23_Fe410
03-04-23-0024-08,1,excessive_convexity,excessive_convexity_2_03-04-23_Fe410
03-04-23-0025-08,1,excessive_convexity,excessive_convexity_2_03-04-23_Fe410
03-04-23-0026-08,1,excessive_convexity,excessive_convexity_2_03-04-23_Fe410
03-04-23-0027-08,1,excessive_convexity,excessive_convexity_2_03-04-23_Fe410
03-04-23-0028-08,1,excessive_convexity,excessive_convexity_2_03-04-23_Fe410
03-04-23-0029-08,1,excessive_convexity,excessive_convexity_2_03-04-23_Fe410
03-04-23-0030-08,1,excessive_convexity,excessive_convexity_2_03-04-23_Fe410
03-04-23-0041-08,1,excessive_convexity,excessive_convexity_3_03-04-23_Fe410
03-04-23-0042-08,1,excessive_convexity,excessive_convexity_3_03-04-23_Fe410
03-04-23-0043-08,1,excessive_convexity,excessive_convexity_3_03-04-23_Fe410
03-04-23-0044-08,1,excessive_convexity,excessive_convexity_3_03-04-23_Fe410
03-04-23-0045-08,1,excessive_convexity,excessive_convexity_3_03-04-23_Fe410
03-04-23-0046-08,1,excessive_convexity,excessive_convexity_3_03-04-23_Fe410
03-04-23-0047-08,1,excessive_convexity,excessive_convexity_3_03-04-23_Fe410
03-04-23-0048-08,1,excessive_convexity,excessive_convexity_3_03-04-23_Fe410
03-04-23-0049-08,1,excessive_convexity,excessive_convexity_3_03-04-23_Fe410
03-04-23-0050-08,1,excessive_convexity,excessive_convexity_3_03-04-23_Fe410
03-06-23-0061-08,1,excessive_convexity,excessive_convexity_4_03-06-23_Fe410
03-06-23-0062-08,1,excessive_convexity,excessive_convexity_4_03-06-23_Fe410
03-06-23-0063-08,1,excessive_convexity,excessive_convexity_4_03-06-23_Fe410
03-06-23-0064-08,1,excessive_convexity,excessive_convexity_4_03-06-23_Fe410
03-06-23-0065-08,1,excessive_convexity,excessive_convexity_4_03-06-23_Fe410
03-06-23-0066-08,1,excessive_convexity,excessive_convexity_4_03-06-23_Fe410
03-06-23-0067-08,1,excessive_convexity,excessive_convexity_4_03-06-23_Fe410
03-06-23-0068-08,1,excessive_convexity,excessive_convexity_4_03-06-23_Fe410
03-06-23-0069-08,1,excessive_convexity,excessive_convexity_4_03-06-23_Fe410
03-06-23-0070-08,1,excessive_convexity,excessive_convexity_4_03-06-23_Fe410
03-06-23-0081-08,1,excessive_convexity,excessive_convexity_5_03-06-23_Fe410
03-06-23-0082-08,1,excessive_convexity,excessive_convexity_5_03-06-23_Fe410
03-06-23-0083-08,1,excessive_convexity,excessive_convexity_5_03-06-23_Fe410
03-06-23-0084-08,1,excessive_convexity,excessive_convexity_5_03-06-23_Fe410
03-06-23-0085-08,1,excessive_convexity,excessive_convexity_5_03-06-23_Fe410
03-06-23-0086-08,1,excessive_convexity,excessive_convexity_5_03-06-23_Fe410
03-06-23-0087-08,1,excessive_convexity,excessive_convexity_5_03-06-23_Fe410
03-06-23-0088-08,1,excessive_convexity,excessive_convexity_5_03-06-23_Fe410
03-06-23-0089-08,1,excessive_convexity,excessive_convexity_5_03-06-23_Fe410
03-06-23-0090-08,1,excessive_convexity,excessive_convexity_5_03-06-23_Fe410
03-06-23-0101-08,1,excessive_convexity,excessive_convexity_6_03-06-23_Fe410
03-06-23-0102-08,1,excessive_convexity,excessive_convexity_6_03-06-23_Fe410
03-06-23-0103-08,1,excessive_convexity,excessive_convexity_6_03-06-23_Fe410
03-06-23-0104-08,1,excessive_convexity,excessive_convexity_6_03-06-23_Fe410
03-06-23-0105-08,1,excessive_convexity,excessive_convexity_6_03-06-23_Fe410
03-06-23-0106-08,1,excessive_convexity,excessive_convexity_6_03-06-23_Fe410
03-06-23-0107-08,1,excessive_convexity,excessive_convexity_6_03-06-23_Fe410
03-06-23-0108-08,1,excessive_convexity,excessive_convexity_6_03-06-23_Fe410
03-06-23-0109-08,1,excessive_convexity,excessive_convexity_6_03-06-23_Fe410
03-06-23-0110-08,1,excessive_convexity,excessive_convexity_6_03-06-23_Fe410
03-06-23-0121-08,1,excessive_convexity,excessive_convexity_7_03-06-23_Fe410
03-06-23-0122-08,1,excessive_convexity,excessive_convexity_7_03-06-23_Fe410
03-06-23-0123-08,1,excessive_convexity,excessive_convexity_7_03-06-23_Fe410
03-06-23-0124-08,1,excessive_convexity,excessive_convexity_7_03-06-23_Fe410
03-06-23-0125-08,1,excessive_convexity,excessive_convexity_7_03-06-23_Fe410
03-06-23-0126-08,1,excessive_convexity,excessive_convexity_7_03-06-23_Fe410
03-06-23-0127-08,1,excessive_convexity,excessive_convexity_7_03-06-23_Fe410
03-06-23-0128-08,1,excessive_convexity,excessive_convexity_7_03-06-23_Fe410
03-06-23-0129-08,1,excessive_convexity,excessive_convexity_7_03-06-23_Fe410
03-06-23-0130-08,1,excessive_convexity,excessive_convexity_7_03-06-23_Fe410
02-19-23-0001-01,1,excessive_penetration,excessive_penetration_1_02-19-23_Fe410
02-19-23-0002-01,1,excessive_penetration,excessive_penetration_1_02-19-23_Fe410
02-19-23-0003-01,1,excessive_penetration,excessive_penetration_1_02-19-23_Fe410
02-19-23-0004-01,1,excessive_penetration,excessive_penetration_1_02-19-23_Fe410
02-19-23-0005-01,1,excessive_penetration,excessive_penetration_1_02-19-23_Fe410
02-19-23-0006-01,1,excessive_penetration,excessive_penetration_1_02-19-23_Fe410
02-19-23-0007-01,1,excessive_penetration,excessive_penetration_1_02-19-23_Fe410
02-19-23-0008-01,1,excessive_penetration,excessive_penetration_1_02-19-23_Fe410
02-19-23-0009-01,1,excessive_penetration,excessive_penetration_1_02-19-23_Fe410
02-19-23-0010-01,1,excessive_penetration,excessive_penetration_1_02-19-23_Fe410
03-19-23-0001-01,1,excessive_penetration,excessive_penetration_1_03-19-23_BSK46
03-19-23-0002-01,1,excessive_penetration,excessive_penetration_1_03-19-23_BSK46
03-19-23-0003-01,1,excessive_penetration,excessive_penetration_1_03-19-23_BSK46
03-19-23-0004-01,1,excessive_penetration,excessive_penetration_1_03-19-23_BSK46
03-19-23-0005-01,1,excessive_penetration,excessive_penetration_1_03-19-23_BSK46
03-19-23-0006-01,1,excessive_penetration,excessive_penetration_1_03-19-23_BSK46
03-19-23-0007-01,1,excessive_penetration,excessive_penetration_1_03-19-23_BSK46
03-19-23-0008-01,1,excessive_penetration,excessive_penetration_1_03-19-23_BSK46
03-19-23-0009-01,1,excessive_penetration,excessive_penetration_1_03-19-23_BSK46
03-19-23-0010-01,1,excessive_penetration,excessive_penetration_1_03-19-23_BSK46
02-19-23-0021-01,1,excessive_penetration,excessive_penetration_2_02-19-23_Fe410
02-19-23-0022-01,1,excessive_penetration,excessive_penetration_2_02-19-23_Fe410
02-19-23-0023-01,1,excessive_penetration,excessive_penetration_2_02-19-23_Fe410
02-19-23-0024-01,1,excessive_penetration,excessive_penetration_2_02-19-23_Fe410
02-19-23-0025-01,1,excessive_penetration,excessive_penetration_2_02-19-23_Fe410
02-19-23-0026-01,1,excessive_penetration,excessive_penetration_2_02-19-23_Fe410
02-19-23-0027-01,1,excessive_penetration,excessive_penetration_2_02-19-23_Fe410
02-19-23-0028-01,1,excessive_penetration,excessive_penetration_2_02-19-23_Fe410
02-19-23-0029-01,1,excessive_penetration,excessive_penetration_2_02-19-23_Fe410
02-19-23-0030-01,1,excessive_penetration,excessive_penetration_2_02-19-23_Fe410
02-19-23-0041-01,1,excessive_penetration,excessive_penetration_3_02-19-23_Fe410
02-19-23-0042-01,1,excessive_penetration,excessive_penetration_3_02-19-23_Fe410
02-19-23-0043-01,1,excessive_penetration,excessive_penetration_3_02-19-23_Fe410
02-19-23-0044-01,1,excessive_penetration,excessive_penetration_3_02-19-23_Fe410
02-19-23-0045-01,1,excessive_penetration,excessive_penetration_3_02-19-23_Fe410
02-19-23-0046-01,1,excessive_penetration,excessive_penetration_3_02-19-23_Fe410
02-19-23-0047-01,1,excessive_penetration,excessive_penetration_3_02-19-23_Fe410
02-19-23-0048-01,1,excessive_penetration,excessive_penetration_3_02-19-23_Fe410
02-19-23-0049-01,1,excessive_penetration,excessive_penetration_3_02-19-23_Fe410
02-19-23-0050-01,1,excessive_penetration,excessive_penetration_3_02-19-23_Fe410
02-23-23-0061-01,1,excessive_penetration,excessive_penetration_4_02-23-23_Fe410
02-23-23-0062-01,1,excessive_penetration,excessive_penetration_4_02-23-23_Fe410
02-23-23-0063-01,1,excessive_penetration,excessive_penetration_4_02-23-23_Fe410
02-23-23-0064-01,1,excessive_penetration,excessive_penetration_4_02-23-23_Fe410
02-23-23-0065-01,1,excessive_penetration,excessive_penetration_4_02-23-23_Fe410
02-23-23-0066-01,1,excessive_penetration,excessive_penetration_4_02-23-23_Fe410
02-23-23-0067-01,1,excessive_penetration,excessive_penetration_4_02-23-23_Fe410
02-23-23-0068-01,1,excessive_penetration,excessive_penetration_4_02-23-23_Fe410
02-23-23-0069-01,1,excessive_penetration,excessive_penetration_4_02-23-23_Fe410
02-23-23-0070-01,1,excessive_penetration,excessive_penetration_4_02-23-23_Fe410
02-23-23-0081-01,1,excessive_penetration,excessive_penetration_5_02-23-23_Fe410
02-23-23-0082-01,1,excessive_penetration,excessive_penetration_5_02-23-23_Fe410
02-23-23-0083-01,1,excessive_penetration,excessive_penetration_5_02-23-23_Fe410
02-23-23-0084-01,1,excessive_penetration,excessive_penetration_5_02-23-23_Fe410
02-23-23-0085-01,1,excessive_penetration,excessive_penetration_5_02-23-23_Fe410
02-23-23-0086-01,1,excessive_penetration,excessive_penetration_5_02-23-23_Fe410
02-23-23-0087-01,1,excessive_penetration,excessive_penetration_5_02-23-23_Fe410
02-23-23-0088-01,1,excessive_penetration,excessive_penetration_5_02-23-23_Fe410
02-23-23-0089-01,1,excessive_penetration,excessive_penetration_5_02-23-23_Fe410
02-23-23-0090-01,1,excessive_penetration,excessive_penetration_5_02-23-23_Fe410
02-23-23-0101-01,1,excessive_penetration,excessive_penetration_6_02-23-23_Fe410
02-23-23-0102-01,1,excessive_penetration,excessive_penetration_6_02-23-23_Fe410
02-23-23-0103-01,1,excessive_penetration,excessive_penetration_6_02-23-23_Fe410
02-23-23-0104-01,1,excessive_penetration,excessive_penetration_6_02-23-23_Fe410
02-23-23-0105-01,1,excessive_penetration,excessive_penetration_6_02-23-23_Fe410
02-23-23-0106-01,1,excessive_penetration,excessive_penetration_6_02-23-23_Fe410
02-23-23-0107-01,1,excessive_penetration,excessive_penetration_6_02-23-23_Fe410
02-23-23-0108-01,1,excessive_penetration,excessive_penetration_6_02-23-23_Fe410
02-23-23-0109-01,1,excessive_penetration,excessive_penetration_6_02-23-23_Fe410
02-23-23-0110-01,1,excessive_penetration,excessive_penetration_6_02-23-23_Fe410
02-23-23-0121-01,1,excessive_penetration,excessive_penetration_7_02-23-23_Fe410
02-23-23-0122-01,1,excessive_penetration,excessive_penetration_7_02-23-23_Fe410
02-23-23-0123-01,1,excessive_penetration,excessive_penetration_7_02-23-23_Fe410
02-23-23-0124-01,1,excessive_penetration,excessive_penetration_7_02-23-23_Fe410
02-23-23-0125-01,1,excessive_penetration,excessive_penetration_7_02-23-23_Fe410
02-23-23-0126-01,1,excessive_penetration,excessive_penetration_7_02-23-23_Fe410
02-23-23-0127-01,1,excessive_penetration,excessive_penetration_7_02-23-23_Fe410
02-23-23-0128-01,1,excessive_penetration,excessive_penetration_7_02-23-23_Fe410
02-23-23-0129-01,1,excessive_penetration,excessive_penetration_7_02-23-23_Fe410
02-23-23-0130-01,1,excessive_penetration,excessive_penetration_7_02-23-23_Fe410
11-07-22-0161-01,1,excessive_penetration,excessive_penetration_weld_10_11-07-22_Butt
11-07-22-0162-01,1,excessive_penetration,excessive_penetration_weld_10_11-07-22_Butt
11-07-22-0163-01,1,excessive_penetration,excessive_penetration_weld_10_11-07-22_Butt
11-07-22-0164-01,1,excessive_penetration,excessive_penetration_weld_10_11-07-22_Butt
11-07-22-0165-01,1,excessive_penetration,excessive_penetration_weld_10_11-07-22_Butt
11-07-22-0166-01,1,excessive_penetration,excessive_penetration_weld_10_11-07-22_Butt
11-07-22-0167-01,1,excessive_penetration,excessive_penetration_weld_10_11-07-22_Butt
11-07-22-0168-01,1,excessive_penetration,excessive_penetration_weld_10_11-07-22_Butt
11-07-22-0169-01,1,excessive_penetration,excessive_penetration_weld_10_11-07-22_Butt
11-07-22-0170-01,1,excessive_penetration,excessive_penetration_weld_10_11-07-22_Butt
11-27-22-0181-01,1,excessive_penetration,excessive_penetration_weld_11_11-27-22_butt
11-27-22-0182-01,1,excessive_penetration,excessive_penetration_weld_11_11-27-22_butt
11-27-22-0183-01,1,excessive_penetration,excessive_penetration_weld_11_11-27-22_butt
11-27-22-0184-01,1,excessive_penetration,excessive_penetration_weld_11_11-27-22_butt
11-27-22-0185-01,1,excessive_penetration,excessive_penetration_weld_11_11-27-22_butt
11-27-22-0186-01,1,excessive_penetration,excessive_penetration_weld_11_11-27-22_butt
11-27-22-0187-01,1,excessive_penetration,excessive_penetration_weld_11_11-27-22_butt
11-27-22-0188-01,1,excessive_penetration,excessive_penetration_weld_11_11-27-22_butt
11-27-22-0189-01,1,excessive_penetration,excessive_penetration_weld_11_11-27-22_butt
11-27-22-0190-01,1,excessive_penetration,excessive_penetration_weld_11_11-27-22_butt
11-27-22-0201-01,1,excessive_penetration,excessive_penetration_weld_12_11-27-22_butt
11-27-22-0202-01,1,excessive_penetration,excessive_penetration_weld_12_11-27-22_butt
11-27-22-0203-01,1,excessive_penetration,excessive_penetration_weld_12_11-27-22_butt
11-27-22-0204-01,1,excessive_penetration,excessive_penetration_weld_12_11-27-22_butt
11-27-22-0205-01,1,excessive_penetration,excessive_penetration_weld_12_11-27-22_butt
11-27-22-0206-01,1,excessive_penetration,excessive_penetration_weld_12_11-27-22_butt
11-27-22-0207-01,1,excessive_penetration,excessive_penetration_weld_12_11-27-22_butt
11-27-22-0208-01,1,excessive_penetration,excessive_penetration_weld_12_11-27-22_butt
11-27-22-0209-01,1,excessive_penetration,excessive_penetration_weld_12_11-27-22_butt
11-27-22-0210-01,1,excessive_penetration,excessive_penetration_weld_12_11-27-22_butt
11-27-22-0221-01,1,excessive_penetration,excessive_penetration_weld_13_11-27-22_butt
11-27-22-0222-01,1,excessive_penetration,excessive_penetration_weld_13_11-27-22_butt
11-27-22-0223-01,1,excessive_penetration,excessive_penetration_weld_13_11-27-22_butt
11-27-22-0224-01,1,excessive_penetration,excessive_penetration_weld_13_11-27-22_butt
11-27-22-0225-01,1,excessive_penetration,excessive_penetration_weld_13_11-27-22_butt
11-27-22-0226-01,1,excessive_penetration,excessive_penetration_weld_13_11-27-22_butt
11-27-22-0227-01,1,excessive_penetration,excessive_penetration_weld_13_11-27-22_butt
11-27-22-0228-01,1,excessive_penetration,excessive_penetration_weld_13_11-27-22_butt
11-27-22-0229-01,1,excessive_penetration,excessive_penetration_weld_13_11-27-22_butt
11-27-22-0230-01,1,excessive_penetration,excessive_penetration_weld_13_11-27-22_butt
11-27-22-0241-01,1,excessive_penetration,excessive_penetration_weld_14_11-27-22_butt
11-27-22-0242-01,1,excessive_penetration,excessive_penetration_weld_14_11-27-22_butt
11-27-22-0243-01,1,excessive_penetration,excessive_penetration_weld_14_11-27-22_butt
11-27-22-0244-01,1,excessive_penetration,excessive_penetration_weld_14_11-27-22_butt
11-27-22-0245-01,1,excessive_penetration,excessive_penetration_weld_14_11-27-22_butt
11-27-22-0246-01,1,excessive_penetration,excessive_penetration_weld_14_11-27-22_butt
11-27-22-0247-01,1,excessive_penetration,excessive_penetration_weld_14_11-27-22_butt
11-27-22-0248-01,1,excessive_penetration,excessive_penetration_weld_14_11-27-22_butt
11-27-22-0249-01,1,excessive_penetration,excessive_penetration_weld_14_11-27-22_butt
11-27-22-0250-01,1,excessive_penetration,excessive_penetration_weld_14_11-27-22_butt
12-23-22-0261-01,1,excessive_penetration,excessive_penetration_weld_15_12-23-22_butt_BSK46
12-23-22-0262-01,1,excessive_penetration,excessive_penetration_weld_15_12-23-22_butt_BSK46
12-23-22-0263-01,1,excessive_penetration,excessive_penetration_weld_15_12-23-22_butt_BSK46
12-23-22-0264-01,1,excessive_penetration,excessive_penetration_weld_15_12-23-22_butt_BSK46
12-23-22-0265-01,1,excessive_penetration,excessive_penetration_weld_15_12-23-22_butt_BSK46
12-23-22-0266-01,1,excessive_penetration,excessive_penetration_weld_15_12-23-22_butt_BSK46
12-23-22-0267-01,1,excessive_penetration,excessive_penetration_weld_15_12-23-22_butt_BSK46
12-23-22-0268-01,1,excessive_penetration,excessive_penetration_weld_15_12-23-22_butt_BSK46
12-23-22-0269-01,1,excessive_penetration,excessive_penetration_weld_15_12-23-22_butt_BSK46
12-23-22-0270-01,1,excessive_penetration,excessive_penetration_weld_15_12-23-22_butt_BSK46
12-23-22-0281-01,1,excessive_penetration,excessive_penetration_weld_16_12-23-22_butt_BSK46
12-23-22-0282-01,1,excessive_penetration,excessive_penetration_weld_16_12-23-22_butt_BSK46
12-23-22-0283-01,1,excessive_penetration,excessive_penetration_weld_16_12-23-22_butt_BSK46
12-23-22-0284-01,1,excessive_penetration,excessive_penetration_weld_16_12-23-22_butt_BSK46
12-23-22-0285-01,1,excessive_penetration,excessive_penetration_weld_16_12-23-22_butt_BSK46
12-23-22-0286-01,1,excessive_penetration,excessive_penetration_weld_16_12-23-22_butt_BSK46
12-23-22-0287-01,1,excessive_penetration,excessive_penetration_weld_16_12-23-22_butt_BSK46
12-23-22-0288-01,1,excessive_penetration,excessive_penetration_weld_16_12-23-22_butt_BSK46
12-23-22-0289-01,1,excessive_penetration,excessive_penetration_weld_16_12-23-22_butt_BSK46
12-23-22-0290-01,1,excessive_penetration,excessive_penetration_weld_16_12-23-22_butt_BSK46
09-09-22-0001-01,1,excessive_penetration,excessive_penetration_weld_1_09_09_2022_butt_joint
09-09-22-0002-01,1,excessive_penetration,excessive_penetration_weld_1_09_09_2022_butt_joint
09-09-22-0003-01,1,excessive_penetration,excessive_penetration_weld_1_09_09_2022_butt_joint
09-09-22-0004-01,1,excessive_penetration,excessive_penetration_weld_1_09_09_2022_butt_joint
09-09-22-0005-01,1,excessive_penetration,excessive_penetration_weld_1_09_09_2022_butt_joint
09-09-22-0006-01,1,excessive_penetration,excessive_penetration_weld_1_09_09_2022_butt_joint
09-09-22-0007-01,1,excessive_penetration,excessive_penetration_weld_1_09_09_2022_butt_joint
09-09-22-0008-01,1,excessive_penetration,excessive_penetration_weld_1_09_09_2022_butt_joint
09-09-22-0009-01,1,excessive_penetration,excessive_penetration_weld_1_09_09_2022_butt_joint
09-09-22-0010-01,1,excessive_penetration,excessive_penetration_weld_1_09_09_2022_butt_joint
10-02-22-0001-01,1,excessive_penetration,excessive_penetration_weld_2_10-02-22_butt
10-02-22-0002-01,1,excessive_penetration,excessive_penetration_weld_2_10-02-22_butt
10-02-22-0003-01,1,excessive_penetration,excessive_penetration_weld_2_10-02-22_butt
10-02-22-0004-01,1,excessive_penetration,excessive_penetration_weld_2_10-02-22_butt
10-02-22-0005-01,1,excessive_penetration,excessive_penetration_weld_2_10-02-22_butt
10-02-22-0006-01,1,excessive_penetration,excessive_penetration_weld_2_10-02-22_butt
10-02-22-0007-01,1,excessive_penetration,excessive_penetration_weld_2_10-02-22_butt
10-02-22-0008-01,1,excessive_penetration,excessive_penetration_weld_2_10-02-22_butt
10-02-22-0009-01,1,excessive_penetration,excessive_penetration_weld_2_10-02-22_butt
10-02-22-0021-01,1,excessive_penetration,excessive_penetration_weld_3_10-02-22_butt
10-02-22-0022-01,1,excessive_penetration,excessive_penetration_weld_3_10-02-22_butt
10-02-22-0023-01,1,excessive_penetration,excessive_penetration_weld_3_10-02-22_butt
10-02-22-0024-01,1,excessive_penetration,excessive_penetration_weld_3_10-02-22_butt
10-02-22-0025-01,1,excessive_penetration,excessive_penetration_weld_3_10-02-22_butt
10-02-22-0026-01,1,excessive_penetration,excessive_penetration_weld_3_10-02-22_butt
10-02-22-0027-01,1,excessive_penetration,excessive_penetration_weld_3_10-02-22_butt
10-02-22-0028-01,1,excessive_penetration,excessive_penetration_weld_3_10-02-22_butt
10-02-22-0029-01,1,excessive_penetration,excessive_penetration_weld_3_10-02-22_butt
10-02-22-0030-01,1,excessive_penetration,excessive_penetration_weld_3_10-02-22_butt
10-02-22-0031-01,1,excessive_penetration,excessive_penetration_weld_3_10-02-22_butt
10-02-22-0032-01,1,excessive_penetration,excessive_penetration_weld_3_10-02-22_butt
10-02-22-0033-01,1,excessive_penetration,excessive_penetration_weld_3_10-02-22_butt
10-02-22-0034-01,1,excessive_penetration,excessive_penetration_weld_3_10-02-22_butt
10-02-22-0035-01,1,excessive_penetration,excessive_penetration_weld_3_10-02-22_butt
10-02-22-0036-01,1,excessive_penetration,excessive_penetration_weld_3_10-02-22_butt
10-02-22-0037-01,1,excessive_penetration,excessive_penetration_weld_3_10-02-22_butt
10-02-22-0038-01,1,excessive_penetration,excessive_penetration_weld_3_10-02-22_butt
10-02-22-0039-01,1,excessive_penetration,excessive_penetration_weld_3_10-02-22_butt
10-02-22-0040-01,1,excessive_penetration,excessive_penetration_weld_3_10-02-22_butt
10-02-22-0041-01,1,excessive_penetration,excessive_penetration_weld_4_10-02-22_butt
10-02-22-0042-01,1,excessive_penetration,excessive_penetration_weld_4_10-02-22_butt
10-02-22-0043-01,1,excessive_penetration,excessive_penetration_weld_4_10-02-22_butt
10-02-22-0044-01,1,excessive_penetration,excessive_penetration_weld_4_10-02-22_butt
10-02-22-0045-01,1,excessive_penetration,excessive_penetration_weld_4_10-02-22_butt
10-02-22-0046-01,1,excessive_penetration,excessive_penetration_weld_4_10-02-22_butt
10-02-22-0047-01,1,excessive_penetration,excessive_penetration_weld_4_10-02-22_butt
10-02-22-0048-01,1,excessive_penetration,excessive_penetration_weld_4_10-02-22_butt
10-02-22-0049-01,1,excessive_penetration,excessive_penetration_weld_4_10-02-22_butt
10-02-22-0050-01,1,excessive_penetration,excessive_penetration_weld_4_10-02-22_butt
10-02-22-0061-01,1,excessive_penetration,excessive_penetration_weld_5_10-02-22_butt
10-02-22-0062-01,1,excessive_penetration,excessive_penetration_weld_5_10-02-22_butt
10-02-22-0063-01,1,excessive_penetration,excessive_penetration_weld_5_10-02-22_butt
10-02-22-0064-01,1,excessive_penetration,excessive_penetration_weld_5_10-02-22_butt
10-02-22-0065-01,1,excessive_penetration,excessive_penetration_weld_5_10-02-22_butt
10-02-22-0066-01,1,excessive_penetration,excessive_penetration_weld_5_10-02-22_butt
10-02-22-0067-01,1,excessive_penetration,excessive_penetration_weld_5_10-02-22_butt
10-02-22-0068-01,1,excessive_penetration,excessive_penetration_weld_5_10-02-22_butt
10-02-22-0069-01,1,excessive_penetration,excessive_penetration_weld_5_10-02-22_butt
10-02-22-0070-01,1,excessive_penetration,excessive_penetration_weld_5_10-02-22_butt
11-07-22-0081-01,1,excessive_penetration,excessive_penetration_weld_6_11-07-22_Butt
11-07-22-0082-01,1,excessive_penetration,excessive_penetration_weld_6_11-07-22_Butt
11-07-22-0083-01,1,excessive_penetration,excessive_penetration_weld_6_11-07-22_Butt
11-07-22-0084-01,1,excessive_penetration,excessive_penetration_weld_6_11-07-22_Butt
11-07-22-0085-01,1,excessive_penetration,excessive_penetration_weld_6_11-07-22_Butt
11-07-22-0086-01,1,excessive_penetration,excessive_penetration_weld_6_11-07-22_Butt
11-07-22-0087-01,1,excessive_penetration,excessive_penetration_weld_6_11-07-22_Butt
11-07-22-0088-01,1,excessive_penetration,excessive_penetration_weld_6_11-07-22_Butt
11-07-22-0089-01,1,excessive_penetration,excessive_penetration_weld_6_11-07-22_Butt
11-07-22-0090-01,1,excessive_penetration,excessive_penetration_weld_6_11-07-22_Butt
11-07-22-0101-01,1,excessive_penetration,excessive_penetration_weld_7_11-07-22_Butt
11-07-22-0102-01,1,excessive_penetration,excessive_penetration_weld_7_11-07-22_Butt
11-07-22-0103-01,1,excessive_penetration,excessive_penetration_weld_7_11-07-22_Butt
11-07-22-0104-01,1,excessive_penetration,excessive_penetration_weld_7_11-07-22_Butt
11-07-22-0105-01,1,excessive_penetration,excessive_penetration_weld_7_11-07-22_Butt
11-07-22-0106-01,1,excessive_penetration,excessive_penetration_weld_7_11-07-22_Butt
11-07-22-0107-01,1,excessive_penetration,excessive_penetration_weld_7_11-07-22_Butt
11-07-22-0108-01,1,excessive_penetration,excessive_penetration_weld_7_11-07-22_Butt
11-07-22-0109-01,1,excessive_penetration,excessive_penetration_weld_7_11-07-22_Butt
11-07-22-0110-01,1,excessive_penetration,excessive_penetration_weld_7_11-07-22_Butt
11-07-22-0121-01,1,excessive_penetration,excessive_penetration_weld_8_11-07-22_butt
11-07-22-0122-01,1,excessive_penetration,excessive_penetration_weld_8_11-07-22_butt
11-07-22-0123-01,1,excessive_penetration,excessive_penetration_weld_8_11-07-22_butt
11-07-22-0124-01,1,excessive_penetration,excessive_penetration_weld_8_11-07-22_butt
11-07-22-0125-01,1,excessive_penetration,excessive_penetration_weld_8_11-07-22_butt
11-07-22-0126-01,1,excessive_penetration,excessive_penetration_weld_8_11-07-22_butt
11-07-22-0127-01,1,excessive_penetration,excessive_penetration_weld_8_11-07-22_butt
11-07-22-0128-01,1,excessive_penetration,excessive_penetration_weld_8_11-07-22_butt
11-07-22-0129-01,1,excessive_penetration,excessive_penetration_weld_8_11-07-22_butt
11-07-22-0130-01,1,excessive_penetration,excessive_penetration_weld_8_11-07-22_butt
11-07-22-0131-01,1,excessive_penetration,excessive_penetration_weld_8_11-07-22_butt
11-07-22-0132-01,1,excessive_penetration,excessive_penetration_weld_8_11-07-22_butt
11-07-22-0133-01,1,excessive_penetration,excessive_penetration_weld_8_11-07-22_butt
11-07-22-0134-01,1,excessive_penetration,excessive_penetration_weld_8_11-07-22_butt
11-07-22-0135-01,1,excessive_penetration,excessive_penetration_weld_8_11-07-22_butt
11-07-22-0136-01,1,excessive_penetration,excessive_penetration_weld_8_11-07-22_butt
11-07-22-0137-01,1,excessive_penetration,excessive_penetration_weld_8_11-07-22_butt
11-07-22-0138-01,1,excessive_penetration,excessive_penetration_weld_8_11-07-22_butt
11-07-22-0139-01,1,excessive_penetration,excessive_penetration_weld_8_11-07-22_butt
11-07-22-0140-01,1,excessive_penetration,excessive_penetration_weld_8_11-07-22_butt
11-07-22-0141-01,1,excessive_penetration,excessive_penetration_weld_9_11-07-22_butt
11-07-22-0142-01,1,excessive_penetration,excessive_penetration_weld_9_11-07-22_butt
11-07-22-0143-01,1,excessive_penetration,excessive_penetration_weld_9_11-07-22_butt
11-07-22-0144-01,1,excessive_penetration,excessive_penetration_weld_9_11-07-22_butt
11-07-22-0145-01,1,excessive_penetration,excessive_penetration_weld_9_11-07-22_butt
11-07-22-0146-01,1,excessive_penetration,excessive_penetration_weld_9_11-07-22_butt
11-07-22-0147-01,1,excessive_penetration,excessive_penetration_weld_9_11-07-22_butt
11-07-22-0148-01,1,excessive_penetration,excessive_penetration_weld_9_11-07-22_butt
11-07-22-0149-01,1,excessive_penetration,excessive_penetration_weld_9_11-07-22_butt
11-07-22-0150-01,1,excessive_penetration,excessive_penetration_weld_9_11-07-22_butt
11-21-22-0161-07,1,lack_of_fusion,lack_of_fusion_10_11-21-22_butt
11-21-22-0162-07,1,lack_of_fusion,lack_of_fusion_10_11-21-22_butt
11-21-22-0163-07,1,lack_of_fusion,lack_of_fusion_10_11-21-22_butt
11-21-22-0164-07,1,lack_of_fusion,lack_of_fusion_10_11-21-22_butt
11-21-22-0165-07,1,lack_of_fusion,lack_of_fusion_10_11-21-22_butt
11-21-22-0166-07,1,lack_of_fusion,lack_of_fusion_10_11-21-22_butt
11-21-22-0167-07,1,lack_of_fusion,lack_of_fusion_10_11-21-22_butt
11-21-22-0168-07,1,lack_of_fusion,lack_of_fusion_10_11-21-22_butt
11-21-22-0169-07,1,lack_of_fusion,lack_of_fusion_10_11-21-22_butt
11-21-22-0170-07,1,lack_of_fusion,lack_of_fusion_10_11-21-22_butt
12-07-22-0181-07,1,lack_of_fusion,lack_of_fusion_11_12-07-22_butt
12-07-22-0182-07,1,lack_of_fusion,lack_of_fusion_11_12-07-22_butt
12-07-22-0183-07,1,lack_of_fusion,lack_of_fusion_11_12-07-22_butt
12-07-22-0184-07,1,lack_of_fusion,lack_of_fusion_11_12-07-22_butt
12-07-22-0185-07,1,lack_of_fusion,lack_of_fusion_11_12-07-22_butt
12-07-22-0186-07,1,lack_of_fusion,lack_of_fusion_11_12-07-22_butt
12-07-22-0187-07,1,lack_of_fusion,lack_of_fusion_11_12-07-22_butt
12-07-22-0188-07,1,lack_of_fusion,lack_of_fusion_11_12-07-22_butt
12-07-22-0189-07,1,lack_of_fusion,lack_of_fusion_11_12-07-22_butt
12-07-22-0190-07,1,lack_of_fusion,lack_of_fusion_11_12-07-22_butt
12-07-22-0201-07,1,lack_of_fusion,lack_of_fusion_12_12-07-22_butt
12-07-22-0202-07,1,lack_of_fusion,lack_of_fusion_12_12-07-22_butt
12-07-22-0203-07,1,lack_of_fusion,lack_of_fusion_12_12-07-22_butt
12-07-22-0204-07,1,lack_of_fusion,lack_of_fusion_12_12-07-22_butt
12-07-22-0205-07,1,lack_of_fusion,lack_of_fusion_12_12-07-22_butt
12-07-22-0206-07,1,lack_of_fusion,lack_of_fusion_12_12-07-22_butt
12-07-22-0207-07,1,lack_of_fusion,lack_of_fusion_12_12-07-22_butt
12-07-22-0208-07,1,lack_of_fusion,lack_of_fusion_12_12-07-22_butt
12-07-22-0209-07,1,lack_of_fusion,lack_of_fusion_12_12-07-22_butt
12-07-22-0210-07,1,lack_of_fusion,lack_of_fusion_12_12-07-22_butt
12-07-22-0221-07,1,lack_of_fusion,lack_of_fusion_13_12-07-22_butt
12-07-22-0222-07,1,lack_of_fusion,lack_of_fusion_13_12-07-22_butt
12-07-22-0223-07,1,lack_of_fusion,lack_of_fusion_13_12-07-22_butt
12-07-22-0224-07,1,lack_of_fusion,lack_of_fusion_13_12-07-22_butt
12-07-22-0225-07,1,lack_of_fusion,lack_of_fusion_13_12-07-22_butt
12-07-22-0226-07,1,lack_of_fusion,lack_of_fusion_13_12-07-22_butt
12-07-22-0227-07,1,lack_of_fusion,lack_of_fusion_13_12-07-22_butt
12-07-22-0228-07,1,lack_of_fusion,lack_of_fusion_13_12-07-22_butt
12-07-22-0229-07,1,lack_of_fusion,lack_of_fusion_13_12-07-22_butt
12-07-22-0230-07,1,lack_of_fusion,lack_of_fusion_13_12-07-22_butt
12-08-22-0241-07,1,lack_of_fusion,lack_of_fusion_14_12-08-22_butt
12-08-22-0242-07,1,lack_of_fusion,lack_of_fusion_14_12-08-22_butt
12-08-22-0243-07,1,lack_of_fusion,lack_of_fusion_14_12-08-22_butt
12-08-22-0244-07,1,lack_of_fusion,lack_of_fusion_14_12-08-22_butt
12-08-22-0245-07,1,lack_of_fusion,lack_of_fusion_14_12-08-22_butt
12-08-22-0246-07,1,lack_of_fusion,lack_of_fusion_14_12-08-22_butt
12-08-22-0247-07,1,lack_of_fusion,lack_of_fusion_14_12-08-22_butt
12-08-22-0248-07,1,lack_of_fusion,lack_of_fusion_14_12-08-22_butt
12-08-22-0249-07,1,lack_of_fusion,lack_of_fusion_14_12-08-22_butt
12-08-22-0250-07,1,lack_of_fusion,lack_of_fusion_14_12-08-22_butt
12-25-22-0261-07,1,lack_of_fusion,lack_of_fusion_15_12-25-22_butt_BSK46
12-25-22-0262-07,1,lack_of_fusion,lack_of_fusion_15_12-25-22_butt_BSK46
12-25-22-0263-07,1,lack_of_fusion,lack_of_fusion_15_12-25-22_butt_BSK46
12-25-22-0264-07,1,lack_of_fusion,lack_of_fusion_15_12-25-22_butt_BSK46
12-25-22-0265-07,1,lack_of_fusion,lack_of_fusion_15_12-25-22_butt_BSK46
12-25-22-0266-07,1,lack_of_fusion,lack_of_fusion_15_12-25-22_butt_BSK46
12-25-22-0267-07,1,lack_of_fusion,lack_of_fusion_15_12-25-22_butt_BSK46
12-25-22-0268-07,1,lack_of_fusion,lack_of_fusion_15_12-25-22_butt_BSK46
12-25-22-0269-07,1,lack_of_fusion,lack_of_fusion_15_12-25-22_butt_BSK46
12-25-22-0281-07,1,lack_of_fusion,lack_of_fusion_16_12-25-22_butt_BSK46
12-25-22-0282-07,1,lack_of_fusion,lack_of_fusion_16_12-25-22_butt_BSK46
12-25-22-0283-07,1,lack_of_fusion,lack_of_fusion_16_12-25-22_butt_BSK46
12-25-22-0284-07,1,lack_of_fusion,lack_of_fusion_16_12-25-22_butt_BSK46
12-25-22-0285-07,1,lack_of_fusion,lack_of_fusion_16_12-25-22_butt_BSK46
12-25-22-0286-07,1,lack_of_fusion,lack_of_fusion_16_12-25-22_butt_BSK46
12-25-22-0287-07,1,lack_of_fusion,lack_of_fusion_16_12-25-22_butt_BSK46
12-25-22-0288-07,1,lack_of_fusion,lack_of_fusion_16_12-25-22_butt_BSK46
12-25-22-0289-07,1,lack_of_fusion,lack_of_fusion_16_12-25-22_butt_BSK46
09-05-22-0001-07,1,lack_of_fusion,lack_of_fusion_1_09-05-2022_plane_plate
09-05-22-0002-07,1,lack_of_fusion,lack_of_fusion_1_09-05-2022_plane_plate
09-05-22-0003-07,1,lack_of_fusion,lack_of_fusion_1_09-05-2022_plane_plate
09-05-22-0004-07,1,lack_of_fusion,lack_of_fusion_1_09-05-2022_plane_plate
09-05-22-0005-07,1,lack_of_fusion,lack_of_fusion_1_09-05-2022_plane_plate
09-05-22-0006-07,1,lack_of_fusion,lack_of_fusion_1_09-05-2022_plane_plate
09-05-22-0007-07,1,lack_of_fusion,lack_of_fusion_1_09-05-2022_plane_plate
09-05-22-0008-07,1,lack_of_fusion,lack_of_fusion_1_09-05-2022_plane_plate
09-05-22-0009-07,1,lack_of_fusion,lack_of_fusion_1_09-05-2022_plane_plate
09-05-22-0010-07,1,lack_of_fusion,lack_of_fusion_1_09-05-2022_plane_plate
10-16-22-0001-07,1,lack_of_fusion,lack_of_fusion_2_10-16-22_butt
10-16-22-0002-07,1,lack_of_fusion,lack_of_fusion_2_10-16-22_butt
10-16-22-0003-07,1,lack_of_fusion,lack_of_fusion_2_10-16-22_butt
10-16-22-0004-07,1,lack_of_fusion,lack_of_fusion_2_10-16-22_butt
10-16-22-0005-07,1,lack_of_fusion,lack_of_fusion_2_10-16-22_butt
10-16-22-0006-07,1,lack_of_fusion,lack_of_fusion_2_10-16-22_butt
10-16-22-0007-07,1,lack_of_fusion,lack_of_fusion_2_10-16-22_butt
10-16-22-0008-07,1,lack_of_fusion,lack_of_fusion_2_10-16-22_butt
10-16-22-0009-07,1,lack_of_fusion,lack_of_fusion_2_10-16-22_butt
10-16-22-0010-07,1,lack_of_fusion,lack_of_fusion_2_10-16-22_butt
10-16-22-0021-07,1,lack_of_fusion,lack_of_fusion_3_10-16-22_butt
10-16-22-0022-07,1,lack_of_fusion,lack_of_fusion_3_10-16-22_butt
10-16-22-0023-07,1,lack_of_fusion,lack_of_fusion_3_10-16-22_butt
10-16-22-0024-07,1,lack_of_fusion,lack_of_fusion_3_10-16-22_butt
10-16-22-0025-07,1,lack_of_fusion,lack_of_fusion_3_10-16-22_butt
10-16-22-0026-07,1,lack_of_fusion,lack_of_fusion_3_10-16-22_butt
10-16-22-0027-07,1,lack_of_fusion,lack_of_fusion_3_10-16-22_butt
10-16-22-0028-07,1,lack_of_fusion,lack_of_fusion_3_10-16-22_butt
10-16-22-0029-07,1,lack_of_fusion,lack_of_fusion_3_10-16-22_butt
10-16-22-0030-07,1,lack_of_fusion,lack_of_fusion_3_10-16-22_butt
10-16-22-0041-07,1,lack_of_fusion,lack_of_fusion_4_10-16-22_butt
10-16-22-0042-07,1,lack_of_fusion,lack_of_fusion_4_10-16-22_butt
10-16-22-0043-07,1,lack_of_fusion,lack_of_fusion_4_10-16-22_butt
10-16-22-0044-07,1,lack_of_fusion,lack_of_fusion_4_10-16-22_butt
10-16-22-0045-07,1,lack_of_fusion,lack_of_fusion_4_10-16-22_butt
10-16-22-0046-07,1,lack_of_fusion,lack_of_fusion_4_10-16-22_butt
10-16-22-0047-07,1,lack_of_fusion,lack_of_fusion_4_10-16-22_butt
10-16-22-0048-07,1,lack_of_fusion,lack_of_fusion_4_10-16-22_butt
10-16-22-0049-07,1,lack_of_fusion,lack_of_fusion_4_10-16-22_butt
10-16-22-0050-07,1,lack_of_fusion,lack_of_fusion_4_10-16-22_butt
10-16-22-0061-07,1,lack_of_fusion,lack_of_fusion_5_10-16-22_butt
10-16-22-0062-07,1,lack_of_fusion,lack_of_fusion_5_10-16-22_butt
10-16-22-0063-07,1,lack_of_fusion,lack_of_fusion_5_10-16-22_butt
10-16-22-0064-07,1,lack_of_fusion,lack_of_fusion_5_10-16-22_butt
10-16-22-0065-07,1,lack_of_fusion,lack_of_fusion_5_10-16-22_butt
10-16-22-0066-07,1,lack_of_fusion,lack_of_fusion_5_10-16-22_butt
10-16-22-0067-07,1,lack_of_fusion,lack_of_fusion_5_10-16-22_butt
10-16-22-0068-07,1,lack_of_fusion,lack_of_fusion_5_10-16-22_butt
10-16-22-0069-07,1,lack_of_fusion,lack_of_fusion_5_10-16-22_butt
10-16-22-0070-07,1,lack_of_fusion,lack_of_fusion_5_10-16-22_butt
11-20-22-0081-07,1,lack_of_fusion,lack_of_fusion_6_11-20-22_butt
11-20-22-0082-07,1,lack_of_fusion,lack_of_fusion_6_11-20-22_butt
11-20-22-0083-07,1,lack_of_fusion,lack_of_fusion_6_11-20-22_butt
11-20-22-0084-07,1,lack_of_fusion,lack_of_fusion_6_11-20-22_butt
11-20-22-0085-07,1,lack_of_fusion,lack_of_fusion_6_11-20-22_butt
11-20-22-0086-07,1,lack_of_fusion,lack_of_fusion_6_11-20-22_butt
11-20-22-0087-07,1,lack_of_fusion,lack_of_fusion_6_11-20-22_butt
11-20-22-0088-07,1,lack_of_fusion,lack_of_fusion_6_11-20-22_butt
11-20-22-0089-07,1,lack_of_fusion,lack_of_fusion_6_11-20-22_butt
11-20-22-0090-07,1,lack_of_fusion,lack_of_fusion_6_11-20-22_butt
11-21-22-0101-07,1,lack_of_fusion,lack_of_fusion_7_11-21-22_butt
11-21-22-0102-07,1,lack_of_fusion,lack_of_fusion_7_11-21-22_butt
11-21-22-0103-07,1,lack_of_fusion,lack_of_fusion_7_11-21-22_butt
11-21-22-0104-07,1,lack_of_fusion,lack_of_fusion_7_11-21-22_butt
11-21-22-0105-07,1,lack_of_fusion,lack_of_fusion_7_11-21-22_butt
11-21-22-0106-07,1,lack_of_fusion,lack_of_fusion_7_11-21-22_butt
11-21-22-0107-07,1,lack_of_fusion,lack_of_fusion_7_11-21-22_butt
11-21-22-0108-07,1,lack_of_fusion,lack_of_fusion_7_11-21-22_butt
11-21-22-0109-07,1,lack_of_fusion,lack_of_fusion_7_11-21-22_butt
11-21-22-0110-07,1,lack_of_fusion,lack_of_fusion_7_11-21-22_butt
11-21-22-0121-07,1,lack_of_fusion,lack_of_fusion_8_11-21-22_butt
11-21-22-0122-07,1,lack_of_fusion,lack_of_fusion_8_11-21-22_butt
11-21-22-0123-07,1,lack_of_fusion,lack_of_fusion_8_11-21-22_butt
11-21-22-0124-07,1,lack_of_fusion,lack_of_fusion_8_11-21-22_butt
11-21-22-0125-07,1,lack_of_fusion,lack_of_fusion_8_11-21-22_butt
11-21-22-0126-07,1,lack_of_fusion,lack_of_fusion_8_11-21-22_butt
11-21-22-0127-07,1,lack_of_fusion,lack_of_fusion_8_11-21-22_butt
11-21-22-0128-07,1,lack_of_fusion,lack_of_fusion_8_11-21-22_butt
11-21-22-0129-07,1,lack_of_fusion,lack_of_fusion_8_11-21-22_butt
11-21-22-0130-07,1,lack_of_fusion,lack_of_fusion_8_11-21-22_butt
11-21-22-0141-07,1,lack_of_fusion,lack_of_fusion_9_11-21-22_butt
11-21-22-0142-07,1,lack_of_fusion,lack_of_fusion_9_11-21-22_butt
11-21-22-0143-07,1,lack_of_fusion,lack_of_fusion_9_11-21-22_butt
11-21-22-0144-07,1,lack_of_fusion,lack_of_fusion_9_11-21-22_butt
11-21-22-0145-07,1,lack_of_fusion,lack_of_fusion_9_11-21-22_butt
11-21-22-0146-07,1,lack_of_fusion,lack_of_fusion_9_11-21-22_butt
11-21-22-0147-07,1,lack_of_fusion,lack_of_fusion_9_11-21-22_butt
11-21-22-0148-07,1,lack_of_fusion,lack_of_fusion_9_11-21-22_butt
11-21-22-0149-07,1,lack_of_fusion,lack_of_fusion_9_11-21-22_butt
11-21-22-0150-07,1,lack_of_fusion,lack_of_fusion_9_11-21-22_butt
03-22-23-0001-06,1,overlap,overlap_1_03-22-23_BSK46
03-22-23-0002-06,1,overlap,overlap_1_03-22-23_BSK46
03-22-23-0003-06,1,overlap,overlap_1_03-22-23_BSK46
03-22-23-0004-06,1,overlap,overlap_1_03-22-23_BSK46
03-22-23-0005-06,1,overlap,overlap_1_03-22-23_BSK46
03-22-23-0006-06,1,overlap,overlap_1_03-22-23_BSK46
03-22-23-0007-06,1,overlap,overlap_1_03-22-23_BSK46
03-22-23-0008-06,1,overlap,overlap_1_03-22-23_BSK46
03-22-23-0009-06,1,overlap,overlap_1_03-22-23_BSK46
03-22-23-0010-06,1,overlap,overlap_1_03-22-23_BSK46
overlap_1_03-22-23_Fe410__03-22-23-0001-06,1,overlap,overlap_1_03-22-23_Fe410
overlap_1_03-22-23_Fe410__03-22-23-0002-06,1,overlap,overlap_1_03-22-23_Fe410
overlap_1_03-22-23_Fe410__03-22-23-0003-06,1,overlap,overlap_1_03-22-23_Fe410
overlap_1_03-22-23_Fe410__03-22-23-0004-06,1,overlap,overlap_1_03-22-23_Fe410
overlap_1_03-22-23_Fe410__03-22-23-0005-06,1,overlap,overlap_1_03-22-23_Fe410
overlap_1_03-22-23_Fe410__03-22-23-0006-06,1,overlap,overlap_1_03-22-23_Fe410
overlap_1_03-22-23_Fe410__03-22-23-0007-06,1,overlap,overlap_1_03-22-23_Fe410
overlap_1_03-22-23_Fe410__03-22-23-0008-06,1,overlap,overlap_1_03-22-23_Fe410
overlap_1_03-22-23_Fe410__03-22-23-0009-06,1,overlap,overlap_1_03-22-23_Fe410
overlap_1_03-22-23_Fe410__03-22-23-0010-06,1,overlap,overlap_1_03-22-23_Fe410
03-22-23-0021-06,1,overlap,overlap_2_03-22-23_Fe410
03-22-23-0022-06,1,overlap,overlap_2_03-22-23_Fe410
03-22-23-0023-06,1,overlap,overlap_2_03-22-23_Fe410
03-22-23-0024-06,1,overlap,overlap_2_03-22-23_Fe410
03-22-23-0025-06,1,overlap,overlap_2_03-22-23_Fe410
03-22-23-0026-06,1,overlap,overlap_2_03-22-23_Fe410
03-22-23-0027-06,1,overlap,overlap_2_03-22-23_Fe410
03-22-23-0028-06,1,overlap,overlap_2_03-22-23_Fe410
03-22-23-0029-06,1,overlap,overlap_2_03-22-23_Fe410
03-22-23-0030-06,1,overlap,overlap_2_03-22-23_Fe410
03-22-23-0041-06,1,overlap,overlap_3_03-22-23_Fe410
03-22-23-0042-06,1,overlap,overlap_3_03-22-23_Fe410
03-22-23-0043-06,1,overlap,overlap_3_03-22-23_Fe410
03-22-23-0044-06,1,overlap,overlap_3_03-22-23_Fe410
03-22-23-0045-06,1,overlap,overlap_3_03-22-23_Fe410
03-22-23-0046-06,1,overlap,overlap_3_03-22-23_Fe410
03-22-23-0047-06,1,overlap,overlap_3_03-22-23_Fe410
03-22-23-0048-06,1,overlap,overlap_3_03-22-23_Fe410
03-22-23-0049-06,1,overlap,overlap_3_03-22-23_Fe410
03-22-23-0050-06,1,overlap,overlap_3_03-22-23_Fe410
03-22-23-0062-06,1,overlap,overlap_4_03-22-23_Fe410
03-22-23-0063-06,1,overlap,overlap_4_03-22-23_Fe410
03-22-23-0064-06,1,overlap,overlap_4_03-22-23_Fe410
03-22-23-0065-06,1,overlap,overlap_4_03-22-23_Fe410
03-22-23-0066-06,1,overlap,overlap_4_03-22-23_Fe410
03-22-23-0067-06,1,overlap,overlap_4_03-22-23_Fe410
03-22-23-0068-06,1,overlap,overlap_4_03-22-23_Fe410
03-22-23-0069-06,1,overlap,overlap_4_03-22-23_Fe410
03-22-23-0070-06,1,overlap,overlap_4_03-22-23_Fe410
03-22-23-0081-06,1,overlap,overlap_5_03-22-23_Fe410
03-22-23-0082-06,1,overlap,overlap_5_03-22-23_Fe410
03-22-23-0083-06,1,overlap,overlap_5_03-22-23_Fe410
03-22-23-0084-06,1,overlap,overlap_5_03-22-23_Fe410
03-22-23-0085-06,1,overlap,overlap_5_03-22-23_Fe410
03-22-23-0086-06,1,overlap,overlap_5_03-22-23_Fe410
03-22-23-0087-06,1,overlap,overlap_5_03-22-23_Fe410
03-22-23-0088-06,1,overlap,overlap_5_03-22-23_Fe410
03-22-23-0089-06,1,overlap,overlap_5_03-22-23_Fe410
03-22-23-0090-06,1,overlap,overlap_5_03-22-23_Fe410
03-22-23-0101-06,1,overlap,overlap_6_03-22-23_Fe410
03-22-23-0102-06,1,overlap,overlap_6_03-22-23_Fe410
03-22-23-0103-06,1,overlap,overlap_6_03-22-23_Fe410
03-22-23-0104-06,1,overlap,overlap_6_03-22-23_Fe410
03-22-23-0105-06,1,overlap,overlap_6_03-22-23_Fe410
03-22-23-0106-06,1,overlap,overlap_6_03-22-23_Fe410
03-22-23-0107-06,1,overlap,overlap_6_03-22-23_Fe410
03-22-23-0108-06,1,overlap,overlap_6_03-22-23_Fe410
03-22-23-0109-06,1,overlap,overlap_6_03-22-23_Fe410
03-22-23-0110-06,1,overlap,overlap_6_03-22-23_Fe410
03-22-23-0121-06,1,overlap,overlap_7_03-22-23_Fe410
03-22-23-0122-06,1,overlap,overlap_7_03-22-23_Fe410
03-22-23-0123-06,1,overlap,overlap_7_03-22-23_Fe410
03-22-23-0124-06,1,overlap,overlap_7_03-22-23_Fe410
03-22-23-0125-06,1,overlap,overlap_7_03-22-23_Fe410
03-22-23-0126-06,1,overlap,overlap_7_03-22-23_Fe410
03-22-23-0127-06,1,overlap,overlap_7_03-22-23_Fe410
03-22-23-0128-06,1,overlap,overlap_7_03-22-23_Fe410
03-22-23-0129-06,1,overlap,overlap_7_03-22-23_Fe410
03-22-23-0130-06,1,overlap,overlap_7_03-22-23_Fe410
